month_1_bucket,account_count,default_rate_pct
30-DPD,3688,33.947939262472886
60-DPD,2667,69.1413573303337
90+-DPD,141,63.12056737588653
90-DPD,322,75.77639751552795
Current,23182,13.834009145026313
