risk_score_bucket,account_count,default_count,default_rate_pct
"(-0.001, 0.1]",2278,33,1.4486391571553994
"(0.1, 0.2]",4502,71,1.5770768547312304
"(0.2, 0.3]",4270,124,2.9039812646370025
"(0.3, 0.4]",3783,224,5.92122653978324
"(0.4, 0.5]",2991,297,9.929789368104313
"(0.5, 0.6]",2439,495,20.29520295202952
"(0.6, 0.7]",2296,720,31.3588850174216
"(0.7, 0.8]",2249,1065,47.35437972432192
"(0.8, 0.9]",3055,1827,59.80360065466448
"(0.9, 1.0]",2137,1780,83.29433785680861
