risk_tier,account_count,default_rate_pct,avg_credit_limit,total_exposure_usd,avg_utilization,avg_on_time_months,pct_of_portfolio
High Risk,3939,56.08022340695607,94327.49428789032,11985677.41935484,0.6613116814106467,1.9327240416349327,13.13
Low Risk,12211,11.112930963885022,222533.78101711572,87656774.19354838,0.10230525314566133,6.0,40.70333333333333
Medium Risk,13850,22.16606498194946,139755.50036101084,62439150.96774194,0.5297676688333738,5.349819494584837,46.166666666666664
