customer_id,risk_tier,risk_score,recommended_action,action_reason,action_priority,credit_limit_usd,expected_loss_usd,avg_utilization,on_time_months,max_delinquency,consecutive_delays,balance_volatility,default_next_month
16040,High Risk,0.998489,Priority collections review,Severe delinquency history,High,6451.612903225806,6441.8645161290315,0.0249999999999999,0,3,6,0.0,1
1967,High Risk,0.9984617,Hardship outreach,Persistent delayed payments,High,2903.2258064516127,2898.7597741935483,0.4763037037037037,3,1,3,23064.429996569757,0
9594,High Risk,0.9984145,Hardship outreach,Persistent delayed payments,High,645.1612903225806,644.1383870967742,0.015,0,2,6,0.0,1
11740,High Risk,0.9984145,Hardship outreach,Persistent delayed payments,High,9677.41935483871,9662.075806451614,0.0166666666666666,0,2,6,0.0,1
7789,High Risk,0.9983816,Hardship outreach,Persistent delayed payments,High,6451.612903225806,6441.171612903225,0.0124999999999999,0,2,6,0.0,1
13712,High Risk,0.9983816,Hardship outreach,Persistent delayed payments,High,6451.612903225806,6441.171612903225,0.0124999999999999,0,2,6,0.0,1
3664,High Risk,0.9981048,Priority collections review,Severe delinquency history,High,967.741935483871,965.9078709677419,0.035,0,3,6,0.0,1
14429,High Risk,0.9981048,Priority collections review,Severe delinquency history,High,967.741935483871,965.9078709677419,0.035,0,3,6,0.0,1
16490,High Risk,0.9981048,Priority collections review,Severe delinquency history,High,967.741935483871,965.9078709677419,0.035,0,3,6,0.0,1
1461,High Risk,0.9980411,Priority collections review,Severe delinquency history,High,1612.9032258064515,1609.7437096774192,0.021,0,3,6,0.0,1
6510,High Risk,0.9980411,Priority collections review,Severe delinquency history,High,1612.9032258064515,1609.7437096774192,0.021,0,3,6,0.0,1
14226,High Risk,0.9980411,Priority collections review,Severe delinquency history,High,1612.9032258064515,1609.7437096774192,0.021,0,3,6,0.0,1
24571,High Risk,0.9980411,Priority collections review,Severe delinquency history,High,1612.9032258064515,1609.7437096774192,0.021,0,3,6,0.0,1
19983,High Risk,0.99777114,Priority collections review,Severe delinquency history,High,9677.41935483871,9655.849741935484,0.0166666666666666,0,3,6,0.0,1
21668,High Risk,0.99777114,Priority collections review,Severe delinquency history,High,645.1612903225806,643.7233161290322,0.0161,0,3,6,0.0,1
27161,High Risk,0.99777114,Priority collections review,Severe delinquency history,High,645.1612903225806,643.7233161290322,0.015,0,3,6,0.0,1
29367,High Risk,0.99777114,Priority collections review,Severe delinquency history,High,645.1612903225806,643.7233161290322,0.015,0,3,6,0.0,1
21013,High Risk,0.9977247,Priority collections review,Severe delinquency history,High,6451.612903225806,6436.933548387096,0.0124999999999999,0,3,6,0.0,1
24346,High Risk,0.9977247,Priority collections review,Severe delinquency history,High,6451.612903225806,6436.933548387096,0.0124999999999999,0,3,6,0.0,1
26802,High Risk,0.9977247,Priority collections review,Severe delinquency history,High,6451.612903225806,6436.933548387096,0.0124999999999999,0,3,6,0.0,1
1957,High Risk,0.99715865,Hardship outreach,Persistent delayed payments,High,7096.774193548387,7076.609774193549,0.0113636363636363,0,2,6,0.0,1
6045,High Risk,0.99691284,Hardship outreach,Persistent delayed payments,High,16129.032258064515,16079.23935483871,0.009914,0,2,6,0.0,1
13744,High Risk,0.99691284,Hardship outreach,Persistent delayed payments,High,8387.096774193547,8361.204464516128,0.0096038461538461,0,2,6,0.0,1
10745,High Risk,0.99690896,Hardship outreach,Persistent delayed payments,High,9032.258064516129,9004.338993548386,0.0088642857142857,0,2,6,0.0,1
1752,High Risk,0.9968521,Priority collections review,Severe delinquency history,High,322.5806451612903,321.5651935483871,0.105,0,3,6,0.0,1
4007,High Risk,0.9968521,Priority collections review,Severe delinquency history,High,322.5806451612903,321.5651935483871,0.105,0,3,6,0.0,1
6085,High Risk,0.9968521,Priority collections review,Severe delinquency history,High,322.5806451612903,321.5651935483871,0.105,0,3,6,0.0,1
17809,High Risk,0.9968521,Priority collections review,Severe delinquency history,High,322.5806451612903,321.5651935483871,0.105,0,3,6,0.0,1
17927,High Risk,0.9968521,Priority collections review,Severe delinquency history,High,322.5806451612903,321.5651935483871,0.105,0,3,6,0.0,1
18136,High Risk,0.9968521,Priority collections review,Severe delinquency history,High,322.5806451612903,321.5651935483871,0.105,0,3,6,0.0,1
29419,High Risk,0.9968521,Priority collections review,Severe delinquency history,High,322.5806451612903,321.5651935483871,0.105,0,3,6,0.0,1
5838,High Risk,0.9966719,Priority collections review,Severe delinquency history,High,322.5806451612903,321.50706451612905,0.24,0,7,6,0.0,1
13407,High Risk,0.9966719,Priority collections review,Severe delinquency history,High,322.5806451612903,321.50706451612905,0.24,0,7,6,0.0,1
14245,High Risk,0.9966719,Priority collections review,Severe delinquency history,High,322.5806451612903,321.50706451612905,0.24,0,7,6,0.0,1
17034,High Risk,0.9966719,Priority collections review,Severe delinquency history,High,322.5806451612903,321.50706451612905,0.24,0,7,6,0.0,1
17240,High Risk,0.9966719,Priority collections review,Severe delinquency history,High,322.5806451612903,321.50706451612905,0.24,0,7,6,0.0,1
17757,High Risk,0.9966719,Priority collections review,Severe delinquency history,High,322.5806451612903,321.50706451612905,0.24,0,7,6,0.0,1
16933,High Risk,0.9963547,Priority collections review,Severe delinquency history,High,645.1612903225806,642.8094838709677,0.11275,0,7,6,0.0,1
11075,High Risk,0.99630725,Hardship outreach,Persistent delayed payments,High,8387.096774193547,8356.125322580643,0.0096153846153846,0,2,6,0.0,1
12019,High Risk,0.99630725,Hardship outreach,Persistent delayed payments,High,8387.096774193547,8356.125322580643,0.0096153846153846,0,2,6,0.0,1
14951,High Risk,0.99630725,Hardship outreach,Persistent delayed payments,High,8064.516129032258,8034.735887096774,0.009948,0,2,6,0.0,1
12956,High Risk,0.9963026,Hardship outreach,Persistent delayed payments,High,9032.258064516129,8998.862193548388,0.0089285714285714,0,2,6,0.0,1
16001,High Risk,0.99618965,Priority collections review,Severe delinquency history,High,645.1612903225806,642.703,0.12,0,7,6,0.0,1
20722,High Risk,0.99618965,Priority collections review,Severe delinquency history,High,645.1612903225806,642.703,0.12,0,7,6,0.0,1
24168,High Risk,0.99618965,Priority collections review,Severe delinquency history,High,645.1612903225806,642.703,0.12,0,7,6,0.0,1
28055,High Risk,0.99618965,Priority collections review,Severe delinquency history,High,645.1612903225806,642.703,0.12,0,7,6,0.0,1
29580,High Risk,0.99618965,Priority collections review,Severe delinquency history,High,645.1612903225806,642.703,0.12,0,7,6,0.0,1
29771,High Risk,0.99618965,Priority collections review,Severe delinquency history,High,645.1612903225806,642.703,0.12,0,7,6,0.0,1
1486,High Risk,0.99604416,Priority collections review,Severe delinquency history,High,645.1612903225806,642.6091354838709,0.1149999999999999,0,7,6,244.94897427831785,1
6041,High Risk,0.99604416,Priority collections review,Severe delinquency history,High,645.1612903225806,642.6091354838709,0.1149999999999999,0,7,6,244.94897427831785,1
26606,High Risk,0.99604416,Priority collections review,Severe delinquency history,High,645.1612903225806,642.6091354838709,0.1149999999999999,0,7,6,244.94897427831785,1
28852,High Risk,0.99600756,Priority collections review,Severe delinquency history,High,7096.774193548387,7068.440748387097,0.0113636363636363,0,3,6,0.0,1
29992,High Risk,0.99600756,Priority collections review,Severe delinquency history,High,6774.193548387097,6747.147987096774,0.0119047619047619,0,3,6,0.0,1
16555,High Risk,0.99594384,Priority collections review,Severe delinquency history,High,322.5806451612903,321.2722064516129,0.23,0,7,6,0.0,1
25054,High Risk,0.9956626,Priority collections review,Severe delinquency history,High,16129.032258064515,16059.074193548386,0.009914,0,3,6,0.0,1
6272,High Risk,0.9952081,Priority collections review,Severe delinquency history,High,322.5806451612903,321.03487096774194,0.2299999999999999,0,7,6,244.94897427831785,1
17863,High Risk,0.9952081,Priority collections review,Severe delinquency history,High,322.5806451612903,321.03487096774194,0.2299999999999999,0,7,6,244.94897427831785,1
9871,High Risk,0.99509805,Hardship outreach,Persistent delayed payments,High,3548.3870967741937,3530.993080645161,0.0054545454545454,0,2,6,0.0,1
14915,High Risk,0.9945859,Hardship outreach,Persistent delayed payments,High,967.741935483871,962.5024838709678,0.0066666666666666,0,2,6,0.0,1
3879,High Risk,0.9944857,Priority collections review,Severe delinquency history,High,645.1612903225806,641.6036774193548,0.0525,0,3,6,0.0,1
11706,High Risk,0.9944857,Priority collections review,Severe delinquency history,High,645.1612903225806,641.6036774193548,0.0525,0,3,6,0.0,0
11988,High Risk,0.9944857,Priority collections review,Severe delinquency history,High,645.1612903225806,641.6036774193548,0.0525,0,3,6,0.0,1
18095,High Risk,0.9944857,Priority collections review,Severe delinquency history,High,645.1612903225806,641.6036774193548,0.0525,0,3,6,0.0,1
24026,High Risk,0.9944857,Priority collections review,Severe delinquency history,High,645.1612903225806,641.6036774193548,0.0525,0,3,6,0.0,1
24398,High Risk,0.9944857,Priority collections review,Severe delinquency history,High,645.1612903225806,641.6036774193548,0.0525,0,3,6,0.0,1
27193,High Risk,0.9944607,Priority collections review,Severe delinquency history,High,8064.516129032258,8019.844354838709,0.01,0,3,6,0.0,1
27537,High Risk,0.9943422,Priority collections review,Severe delinquency history,High,8064.516129032258,8018.888709677419,0.009948,0,3,6,0.0,1
15948,High Risk,0.99374443,Priority collections review,Severe delinquency history,High,967.741935483871,961.6881580645162,0.08,0,7,6,0.0,1
17875,High Risk,0.99374443,Priority collections review,Severe delinquency history,High,967.741935483871,961.6881580645162,0.08,0,7,6,0.0,1
28221,High Risk,0.99374443,Priority collections review,Severe delinquency history,High,967.741935483871,961.6881580645162,0.08,0,7,6,0.0,1
14974,High Risk,0.9931738,Priority collections review,Severe delinquency history,High,967.741935483871,961.135935483871,0.0798333333333333,0,7,6,0.0,1
15139,High Risk,0.9931738,Priority collections review,Severe delinquency history,High,967.741935483871,961.135935483871,0.0798333333333333,0,7,6,0.0,1
1147,High Risk,0.9931017,Priority collections review,Severe delinquency history,High,2258.064516129032,2242.4877096774194,0.0342857142857142,0,7,6,0.0,1
514,High Risk,0.9930496,Hardship outreach,Persistent delayed payments,High,1612.9032258064515,1601.6929032258063,0.6308633333333334,0,2,6,1292.1701771309638,1
863,High Risk,0.9928362,Priority collections review,Severe delinquency history,High,967.741935483871,960.8092258064515,0.0816666666666666,0,7,6,0.0,1
14862,High Risk,0.9928362,Priority collections review,Severe delinquency history,High,967.741935483871,960.8092258064515,0.085,0,7,6,0.0,1
20524,High Risk,0.9927107,Hardship outreach,Persistent delayed payments,High,1935.483870967742,1921.3755483870966,0.6269527777777778,0,2,6,1716.779824749425,1
22760,High Risk,0.9925494,Priority collections review,Severe delinquency history,High,14838.709677419354,14728.152387096774,0.0057608695652173,0,3,6,0.0,1
10354,High Risk,0.99251634,Hardship outreach,Persistent delayed payments,High,645.1612903225806,640.3331225806452,0.5657333333333333,2,2,3,1273.6601849263666,1
17775,High Risk,0.99246395,Hardship outreach,Persistent delayed payments,High,3548.3870967741937,3521.6462741935484,0.8543333333333334,2,2,3,1924.5729569612752,1
17248,High Risk,0.9922897,Priority collections review,Severe delinquency history,High,11612.90322580645,11523.364258064516,0.0069444444444444,0,3,6,0.0,1
2406,High Risk,0.9922787,Priority collections review,Severe delinquency history,High,1612.9032258064515,1600.449516129032,0.0479999999999999,0,7,6,0.0,1
7881,High Risk,0.9922787,Priority collections review,Severe delinquency history,High,1612.9032258064515,1600.449516129032,0.0479999999999999,0,7,6,0.0,1
10802,High Risk,0.9922787,Priority collections review,Severe delinquency history,High,1612.9032258064515,1600.449516129032,0.0479999999999999,0,7,6,0.0,1
12825,High Risk,0.9922787,Priority collections review,Severe delinquency history,High,1612.9032258064515,1600.449516129032,0.0479999999999999,0,7,6,0.0,1
28748,High Risk,0.9922787,Priority collections review,Severe delinquency history,High,1612.9032258064515,1600.449516129032,0.0479999999999999,0,7,6,0.0,0
29524,High Risk,0.9922787,Priority collections review,Severe delinquency history,High,1612.9032258064515,1600.449516129032,0.0479999999999999,0,7,6,0.0,1
15988,High Risk,0.99221593,Hardship outreach,Persistent delayed payments,High,1612.9032258064515,1600.3482741935481,0.6209433333333334,0,2,6,1377.5567380934503,1
29152,High Risk,0.99196506,Priority collections review,Severe delinquency history,High,967.741935483871,959.9661870967742,0.065,0,7,6,0.0,1
3993,High Risk,0.9919299,Priority collections review,Severe delinquency history,High,645.1612903225806,639.9547741935484,0.9371833333333336,0,3,6,1191.0134620006052,1
6927,High Risk,0.9919036,Hardship outreach,Persistent delayed payments,High,1935.483870967742,1919.8134193548387,1.0615,2,2,3,2214.70684290269,1
19557,High Risk,0.99169743,Hardship outreach,Persistent delayed payments,High,967.741935483871,959.7071903225807,0.6193222222222222,2,2,3,2139.071917132911,1
21274,High Risk,0.9916767,Hardship outreach,Persistent delayed payments,High,2258.064516129032,2239.2699677419355,0.62045,0,2,6,1675.4852133038955,1
12030,High Risk,0.9916353,Hardship outreach,Persistent delayed payments,High,1612.9032258064515,1599.4117741935484,0.8415533333333333,2,2,3,1792.4264745497003,1
16503,High Risk,0.99159425,Hardship outreach,Persistent delayed payments,High,645.1612903225806,639.7382258064516,0.7897916666666666,2,2,3,1478.1035710215529,1
13740,High Risk,0.99157554,Priority collections review,Severe delinquency history,High,1290.3225806451612,1279.4523096774194,0.06,0,7,6,0.0,1
13967,High Risk,0.99157554,Priority collections review,Severe delinquency history,High,1290.3225806451612,1279.4523096774194,0.06,0,7,6,0.0,1
28298,High Risk,0.9915524,Priority collections review,Severe delinquency history,High,967.741935483871,959.5668387096774,0.8538444444444444,0,3,6,783.2186582728137,1
18371,High Risk,0.9915454,Hardship outreach,Persistent delayed payments,High,967.741935483871,959.560064516129,0.559988888888889,2,2,3,1607.9265737796195,1
671,High Risk,0.9912356,Hardship outreach,Persistent delayed payments,High,967.741935483871,959.2602580645162,1.5298611111111111,1,2,4,26415.39127415429,0
12036,High Risk,0.99113,Priority collections review,Severe delinquency history,High,967.741935483871,959.158064516129,0.0882,0,7,6,0.0,0
21961,High Risk,0.9910863,Priority collections review,Severe delinquency history,High,1612.9032258064515,1598.5262903225805,0.0478333333333333,0,7,6,20.412414523193156,1
16512,High Risk,0.990908,Priority collections review,Severe delinquency history,High,645.1612903225806,639.2954838709677,0.8564583333333334,0,3,6,867.5430632923456,1
11662,High Risk,0.9908879,Hardship outreach,Persistent delayed payments,High,967.741935483871,958.9237741935484,0.6142,2,2,3,1540.747091511128,1
22806,High Risk,0.99077356,Hardship outreach,Persistent delayed payments,High,967.741935483871,958.8131225806452,0.1664444444444444,2,2,3,1861.8558125340069,1
14692,High Risk,0.9907018,Hardship outreach,Persistent delayed payments,High,645.1612903225806,639.1624516129032,0.6837,0,2,6,961.2776914086792,1
3044,High Risk,0.9906775,Hardship outreach,Persistent delayed payments,High,2258.064516129032,2237.0137096774192,0.6534880952380951,2,2,3,2119.998058175211,1
5714,High Risk,0.9906218,Priority collections review,Severe delinquency history,High,967.741935483871,958.6662580645161,0.9457833333333334,2,3,2,1719.3909095956044,0
26915,High Risk,0.99045056,Hardship outreach,Persistent delayed payments,High,4838.709677419355,4792.502709677419,0.2617466666666667,0,2,6,5145.060504989227,1
13263,High Risk,0.99043673,Hardship outreach,Persistent delayed payments,High,1290.3225806451612,1277.9828774193547,0.7283749999999999,2,2,3,2412.240866911926,1
28634,High Risk,0.99043006,Hardship outreach,Persistent delayed payments,High,1935.483870967742,1916.961406451613,0.6658638888888889,2,2,3,7580.267077528777,1
14653,High Risk,0.9903486,Hardship outreach,Persistent delayed payments,High,967.741935483871,958.401870967742,0.5179888888888889,0,2,6,853.5848327299792,1
8655,High Risk,0.9902535,Priority collections review,Severe delinquency history,High,967.741935483871,958.3098387096775,0.08,0,8,6,0.0,1
18111,High Risk,0.99023634,Hardship outreach,Persistent delayed payments,High,3548.3870967741937,3513.7418516129037,0.6319621212121213,2,2,3,2999.8368233400074,1
13963,High Risk,0.9902075,Hardship outreach,Persistent delayed payments,High,967.741935483871,958.2653225806451,0.8726722222222224,2,2,3,1557.3729696725402,1
16786,High Risk,0.9900572,Hardship outreach,Persistent delayed payments,High,1935.483870967742,1916.2397419354838,0.7463861111111111,2,2,3,1767.0328142585995,1
7216,High Risk,0.9897556,Priority collections review,Severe delinquency history,High,967.741935483871,957.828,0.9317388888888888,0,3,6,1276.5806541956786,1
6828,High Risk,0.98974305,Priority collections review,Severe delinquency history,High,1935.483870967742,1915.6317096774194,0.7106222222222222,0,3,6,3442.539043593648,1
674,High Risk,0.9897221,Priority collections review,Severe delinquency history,High,967.741935483871,957.7955806451613,0.0766666666666666,0,7,6,244.94897427831785,1
21534,High Risk,0.98972195,Hardship outreach,Persistent delayed payments,High,967.741935483871,957.795435483871,0.9610166666666669,2,2,3,1391.8934944887126,1
2435,High Risk,0.9896896,Priority collections review,Severe delinquency history,High,3870.967741935484,3831.056516129032,0.6715708333333333,0,3,6,5659.084970204989,1
9165,High Risk,0.98954844,Hardship outreach,Persistent delayed payments,High,967.741935483871,957.6275225806452,0.9445611111111112,2,2,3,1339.7424254932985,1
9903,High Risk,0.9893974,Priority collections review,Severe delinquency history,High,1935.483870967742,1914.9627096774193,0.0079166666666666,0,4,6,199.37402037376887,1
7803,High Risk,0.9892754,Hardship outreach,Persistent delayed payments,High,1612.9032258064515,1595.6054838709676,0.64963,0,2,6,1253.1906080082151,1
2252,High Risk,0.98903507,Hardship outreach,Persistent delayed payments,High,1612.9032258064515,1595.2178548387096,0.0962366666666666,2,2,3,1183.3468496880646,0
16248,High Risk,0.98894835,Hardship outreach,Persistent delayed payments,High,1612.9032258064515,1595.0779838709677,0.6685499999999999,2,2,3,2335.479800811816,1
21812,High Risk,0.9889337,Priority collections review,Severe delinquency history,High,645.1612903225806,638.0217419354839,0.9829333333333332,0,3,6,1166.147103356462,1
5925,High Risk,0.9888868,Priority collections review,Severe delinquency history,High,10967.741935483871,10845.855225806452,1.1365426470588236,3,4,3,157445.33457775114,1
23,High Risk,0.9888371,Hardship outreach,Persistent delayed payments,High,2258.064516129032,2232.8579677419357,0.6320833333333334,2,2,3,2194.01890754539,1
22507,High Risk,0.98877865,Hardship outreach,Persistent delayed payments,High,1935.483870967742,1913.765129032258,0.7477777777777778,0,2,6,1820.573828952472,1
18013,High Risk,0.9887672,Priority collections review,Severe delinquency history,High,3548.3870967741937,3508.5287741935485,0.5673409090909092,2,3,3,5141.610049391144,1
25549,High Risk,0.98873305,Hardship outreach,Persistent delayed payments,High,967.741935483871,956.838435483871,0.6401,0,2,6,1375.4599230802764,1
3486,High Risk,0.9886827,Hardship outreach,Persistent delayed payments,High,1612.9032258064515,1594.6495161290322,0.8639433333333333,2,2,3,3261.736924809644,1
23778,High Risk,0.9886812,Hardship outreach,Persistent delayed payments,High,2258.064516129032,2232.505935483871,0.3157428571428571,0,2,6,1875.1755117854968,1
907,High Risk,0.9886268,Hardship outreach,Persistent delayed payments,High,1612.9032258064515,1594.5593548387096,0.0558633333333333,1,2,3,1930.6562010535863,1
7003,High Risk,0.9885592,Hardship outreach,Persistent delayed payments,High,2580.6451612903224,2551.1205161290322,0.6297125,0,2,6,1351.3162472197248,0
16789,High Risk,0.98852855,Priority collections review,Severe delinquency history,High,967.741935483871,956.6405322580645,0.0793,0,7,6,0.0,1
16470,High Risk,0.9883874,Hardship outreach,Persistent delayed payments,High,967.741935483871,956.503935483871,0.6396944444444445,0,2,6,941.688996785386,1
11246,High Risk,0.9883853,Hardship outreach,Persistent delayed payments,High,16129.032258064515,15941.698387096774,0.5502660000000001,2,2,3,10315.68770368704,1
24330,High Risk,0.9883712,Hardship outreach,Persistent delayed payments,High,967.741935483871,956.4882580645161,0.7741555555555556,2,2,3,1756.639253423043,1
21213,High Risk,0.98835516,Hardship outreach,Persistent delayed payments,High,645.1612903225806,637.6484903225806,0.8707666666666666,2,2,3,1405.8914135404152,0
15087,High Risk,0.9883471,Hardship outreach,Persistent delayed payments,High,8387.096774193547,8289.362774193547,0.5761948717948718,2,2,3,7520.674428976877,1
29139,High Risk,0.9883455,Hardship outreach,Persistent delayed payments,High,2258.064516129032,2231.7479032258066,0.6465000000000001,0,2,6,1735.2195250169357,1
17586,High Risk,0.9882613,Priority collections review,Severe delinquency history,High,645.1612903225806,637.587935483871,0.7887666666666667,0,3,6,781.7131613748527,1
26644,High Risk,0.98816574,Hardship outreach,Persistent delayed payments,High,645.1612903225806,637.5262838709677,0.5461583333333333,2,2,3,1686.4128102770885,1
16544,High Risk,0.98808426,Priority collections review,Severe delinquency history,High,645.1612903225806,637.4737161290323,0.5109333333333334,2,3,2,2237.652847665756,1
7409,High Risk,0.98796576,Priority collections review,Severe delinquency history,High,967.741935483871,956.0958967741935,0.949961111111111,0,3,6,1669.98436120422,1
1880,High Risk,0.9879331,Hardship outreach,Persistent delayed payments,High,967.741935483871,956.0642903225806,0.5782611111111111,0,2,6,765.7141546730521,1
20914,High Risk,0.9878978,Hardship outreach,Persistent delayed payments,High,645.1612903225806,637.3534193548387,0.533525,2,2,3,1413.9432449713108,1
26765,High Risk,0.98789704,Hardship outreach,Persistent delayed payments,High,6129.032258064516,6054.852825806452,0.6563842105263158,2,2,3,7110.619691700576,1
17414,High Risk,0.987698,Hardship outreach,Persistent delayed payments,High,967.741935483871,955.8367741935483,0.5606888888888889,0,2,6,1053.4679238907402,1
2393,High Risk,0.9876303,Priority collections review,Severe delinquency history,High,1612.9032258064515,1592.9520967741933,0.8308,0,3,6,1918.775338594907,1
16452,High Risk,0.9875572,Hardship outreach,Persistent delayed payments,High,967.741935483871,955.7005161290323,0.5416888888888889,0,2,6,921.743926840132,1
21848,High Risk,0.98755556,Hardship outreach,Persistent delayed payments,High,1612.9032258064515,1592.8315483870967,0.5861500000000001,2,2,3,2358.0022688708336,1
16635,High Risk,0.9874737,Hardship outreach,Persistent delayed payments,High,967.741935483871,955.6197096774193,0.29545,2,2,3,1280.5314131250354,1
4570,High Risk,0.987316,Hardship outreach,Persistent delayed payments,High,967.741935483871,955.4670967741936,0.5844722222222222,0,2,6,1261.2272462433828,1
2855,High Risk,0.98730785,Hardship outreach,Persistent delayed payments,High,1612.9032258064515,1592.432016129032,0.3477633333333333,0,2,6,1272.0813522203157,1
15537,High Risk,0.9872716,Hardship outreach,Persistent delayed payments,High,1612.9032258064515,1592.3735483870967,0.65965,0,2,6,1829.8623718739068,1
21247,High Risk,0.9872564,Hardship outreach,Persistent delayed payments,High,3225.806451612903,3184.698064516129,0.281825,0,2,6,2036.8727746229024,1
27858,High Risk,0.98717636,Priority collections review,Severe delinquency history,High,645.1612903225806,636.8879741935483,0.6890666666666666,0,3,6,1243.2992667361573,1
14543,High Risk,0.98716056,Hardship outreach,Persistent delayed payments,High,1612.9032258064515,1592.194451612903,0.6126666666666667,2,2,3,2100.505431239507,1
22417,High Risk,0.98711187,Hardship outreach,Persistent delayed payments,High,4193.548387096774,4139.50139032258,0.8502230769230769,2,2,3,2867.4975850033425,0
7993,High Risk,0.98708665,Priority collections review,Severe delinquency history,High,1612.9032258064515,1592.0752419354837,0.6748833333333333,0,3,6,1166.127508751366,1
17941,High Risk,0.9869871,Hardship outreach,Persistent delayed payments,High,2258.064516129032,2228.6805483870967,0.6483595238095238,0,2,6,1769.9515718421978,1
7369,High Risk,0.9869551,Hardship outreach,Persistent delayed payments,High,967.741935483871,955.1178387096774,0.5467888888888889,0,2,6,717.0828868873294,1
7308,High Risk,0.98690283,Hardship outreach,Persistent delayed payments,High,967.741935483871,955.0672548387097,0.8651722222222222,2,2,3,1134.7823433005408,1
9672,High Risk,0.9868912,Priority collections review,Severe delinquency history,High,5483.870967741936,5411.984,0.0141176470588235,0,7,6,0.0,0
7311,High Risk,0.9867942,Priority collections review,Severe delinquency history,High,2903.2258064516127,2864.886387096774,0.936785185185185,0,3,6,1734.859264224815,1
6885,High Risk,0.9866627,Hardship outreach,Persistent delayed payments,High,3548.3870967741937,3501.061193548387,0.8734378787878788,2,2,3,2220.8979640376697,1
21450,High Risk,0.9865392,Hardship outreach,Persistent delayed payments,High,2258.064516129032,2227.6691612903223,0.6579285714285714,0,2,6,1765.9744052505405,1
17925,High Risk,0.98653513,Hardship outreach,Persistent delayed payments,High,1290.3225806451612,1272.9485548387097,0.6744208333333334,0,2,6,1697.6785816716506,1
25033,High Risk,0.98645693,Hardship outreach,Persistent delayed payments,High,2258.064516129032,2227.483390322581,0.3299404761904762,0,2,6,1794.4209558146235,1
25634,High Risk,0.98644596,Hardship outreach,Persistent delayed payments,High,2258.064516129032,2227.4586193548384,0.6521428571428571,0,2,6,2272.788067550514,1
17236,High Risk,0.9863992,Hardship outreach,Persistent delayed payments,High,1290.3225806451612,1272.7731612903226,0.5971375,0,2,6,956.91812606931,1
19989,High Risk,0.9863376,Hardship outreach,Persistent delayed payments,High,1612.9032258064515,1590.8670967741934,0.7465633333333334,2,2,3,2093.993927084476,1
17526,High Risk,0.9862684,Hardship outreach,Persistent delayed payments,High,3548.3870967741937,3499.6620645161292,0.2441515151515151,0,2,6,2577.801595675405,1
22479,High Risk,0.98626024,Hardship outreach,Persistent delayed payments,High,1612.9032258064515,1590.7423225806451,0.5241033333333333,2,2,3,1976.3509219434357,1
934,High Risk,0.98623776,Hardship outreach,Persistent delayed payments,High,967.741935483871,954.4236387096774,0.3617333333333333,2,2,3,2002.2914872715207,1
16026,High Risk,0.98617876,Priority collections review,Severe delinquency history,High,967.741935483871,954.366541935484,0.0968055555555555,2,3,3,4335.343419691993,1
10664,High Risk,0.98616576,Hardship outreach,Persistent delayed payments,High,1612.9032258064515,1590.589935483871,0.8462166666666667,2,2,3,2898.6746224208514,1
22901,High Risk,0.9860837,Hardship outreach,Persistent delayed payments,High,967.741935483871,954.2745483870968,0.6558166666666666,0,2,6,1004.482702688304,1
8125,High Risk,0.9860598,Priority collections review,Severe delinquency history,High,6451.612903225806,6361.676129032257,0.0124999999999999,0,4,6,0.0,1
24156,High Risk,0.9860598,Priority collections review,Severe delinquency history,High,6451.612903225806,6361.676129032257,0.0124999999999999,0,4,6,0.0,1
17141,High Risk,0.9860253,Hardship outreach,Persistent delayed payments,High,1612.9032258064515,1590.363387096774,0.71528,0,2,6,1479.142319048441,1
20282,High Risk,0.9857744,Priority collections review,Severe delinquency history,High,967.741935483871,953.9752258064517,0.7837722222222222,0,3,6,1109.4552567213634,1
4839,High Risk,0.985729,Hardship outreach,Persistent delayed payments,High,1612.9032258064515,1589.8854838709676,0.3220166666666667,0,2,6,1243.7654789656556,1
20803,High Risk,0.98571765,Hardship outreach,Persistent delayed payments,High,3225.806451612903,3179.7343548387094,0.62174,2,2,3,16006.12817642043,1
16375,High Risk,0.9857113,Hardship outreach,Persistent delayed payments,High,2580.6451612903224,2543.771096774193,0.250825,0,2,6,990.7181233832356,1
25197,High Risk,0.9856807,Hardship outreach,Persistent delayed payments,High,967.741935483871,953.8845483870967,0.4685444444444444,0,2,6,1322.3708506567536,1
9833,High Risk,0.9856655,Hardship outreach,Persistent delayed payments,High,3225.806451612903,3179.566129032258,0.2112933333333333,0,2,6,2520.273133346199,1
10702,High Risk,0.9855767,Hardship outreach,Persistent delayed payments,High,1612.9032258064515,1589.6398387096772,0.5814933333333333,0,2,6,1646.6259644092422,1
16478,High Risk,0.98554105,Hardship outreach,Persistent delayed payments,High,2580.6451612903224,2543.331741935484,0.6311874999999999,0,2,6,1741.0883952286856,1
11267,High Risk,0.98544645,Hardship outreach,Persistent delayed payments,High,2258.064516129032,2225.2016612903226,0.2610785714285714,0,2,6,932.6535798462364,1
2542,High Risk,0.9854199,Hardship outreach,Persistent delayed payments,High,3225.806451612903,3178.773870967742,0.5232,2,2,3,3299.26197807934,1
7735,High Risk,0.985414,Hardship outreach,Persistent delayed payments,High,967.741935483871,953.6264516129032,0.6918166666666666,0,2,6,1265.7656576159743,1
28598,High Risk,0.9853698,Priority collections review,Severe delinquency history,High,1935.483870967742,1907.1673548387096,0.7577277777777777,0,3,6,1352.473536401606,1
8930,High Risk,0.9853463,Priority collections review,Severe delinquency history,High,322.5806451612903,317.85364516129033,0.8099,0,3,6,1153.3426203865008,1
25161,High Risk,0.98534364,Hardship outreach,Persistent delayed payments,High,2580.6451612903224,2542.8222967741935,0.5337770833333334,0,2,6,1699.8728677953145,1
29727,High Risk,0.9852181,Priority collections review,Severe delinquency history,High,1935.483870967742,1906.8737419354838,0.0383333333333333,0,7,6,244.94897427831785,1
10338,High Risk,0.9850582,Priority collections review,Severe delinquency history,High,645.1612903225806,635.5214193548387,0.9388416666666668,0,3,6,852.4563136411547,1
16236,High Risk,0.9850323,Priority collections review,Severe delinquency history,High,2258.064516129032,2224.2664838709675,0.7584,0,3,6,1537.5048617809312,1
16224,High Risk,0.98493654,Hardship outreach,Persistent delayed payments,High,1612.9032258064515,1588.607322580645,0.6250366666666667,2,2,3,2138.57881937203,1
11830,High Risk,0.9848637,Priority collections review,Severe delinquency history,High,967.741935483871,953.0939032258065,0.5435,0,3,6,1163.8448350188266,1
9273,High Risk,0.98481226,Hardship outreach,Persistent delayed payments,High,3225.806451612903,3176.8137419354834,0.4667299999999999,0,2,6,1685.0864666241907,1
27665,High Risk,0.9847596,Hardship outreach,Persistent delayed payments,High,2580.6451612903224,2541.3150967741935,0.3275625,0,2,6,2269.690463477344,1
7926,High Risk,0.9847305,Hardship outreach,Persistent delayed payments,High,1612.9032258064515,1588.2749999999999,0.6902533333333333,0,2,6,1301.6754843918152,1
28373,High Risk,0.98471904,Hardship outreach,Persistent delayed payments,High,3225.806451612903,3176.5130322580644,0.350035,0,2,6,1893.6993161534383,1
9152,High Risk,0.98465234,Priority collections review,Severe delinquency history,High,14193.548387096775,13975.710632258066,0.0027712121212121,3,3,1,1006.8725175843596,1
28663,High Risk,0.98461044,Hardship outreach,Persistent delayed payments,High,1612.9032258064515,1588.0813548387096,0.8545466666666667,0,2,6,1519.2608290437383,1
7663,High Risk,0.98452294,Hardship outreach,Persistent delayed payments,High,4516.129032258064,4446.232632258064,0.5240630952380952,0,2,6,2477.2598100858672,1
20757,High Risk,0.9845108,Priority collections review,Severe delinquency history,High,1290.3225806451612,1270.3365161290321,0.783325,0,3,6,2290.2960507323064,1
5349,High Risk,0.9844387,Hardship outreach,Persistent delayed payments,High,7096.774193548387,6986.339161290322,0.7496886363636364,2,2,3,54392.45068481471,1
13784,High Risk,0.98429996,Priority collections review,Severe delinquency history,High,322.5806451612903,317.51611612903224,0.8115666666666668,0,5,6,288.80627878677893,1
29202,High Risk,0.98423713,Hardship outreach,Persistent delayed payments,High,645.1612903225806,634.9916967741935,0.9012833333333332,2,2,3,1067.0275847730773,1
10116,High Risk,0.98416716,Hardship outreach,Persistent delayed payments,High,322.5806451612903,317.4732774193548,0.5661166666666667,0,2,6,889.1968098608241,1
27083,High Risk,0.98414296,Hardship outreach,Persistent delayed payments,High,2580.6451612903224,2539.7237677419353,0.6876145833333335,0,2,6,3265.593815321597,1
21318,High Risk,0.9841145,Priority collections review,Severe delinquency history,High,4838.709677419355,4761.84435483871,0.6603977777777778,0,3,6,1528.5616332574446,1
10547,High Risk,0.98409677,Priority collections review,Severe delinquency history,High,967.741935483871,952.3517129032258,0.9245055555555556,0,3,6,1335.494877064928,1
14615,High Risk,0.9840434,Priority collections review,Severe delinquency history,High,322.5806451612903,317.43335483870965,0.0142,0,6,6,0.0,1
9788,High Risk,0.9840373,Hardship outreach,Persistent delayed payments,High,4193.548387096774,4126.608032258064,0.5862846153846154,2,2,3,3314.6443549798823,1
24057,High Risk,0.9838986,Priority collections review,Severe delinquency history,High,645.1612903225806,634.7732903225806,0.8056416666666667,2,4,3,703.1774787823247,1
27158,High Risk,0.98388946,Hardship outreach,Persistent delayed payments,High,2903.2258064516127,2856.453270967742,0.1465925925925925,0,2,6,979.1575290353778,1
22081,High Risk,0.98380685,Hardship outreach,Persistent delayed payments,High,3225.806451612903,3173.5704838709676,0.2531183333333334,2,2,3,2948.310459681386,1
14892,High Risk,0.9837683,Priority collections review,Severe delinquency history,High,1612.9032258064515,1586.723064516129,0.0489999999999999,0,7,6,244.94897427831785,1
18519,High Risk,0.98373485,Hardship outreach,Persistent delayed payments,High,1290.3225806451612,1269.3352903225807,0.6949958333333334,0,2,6,1187.6547337785787,1
8798,High Risk,0.98366207,Hardship outreach,Persistent delayed payments,High,2258.064516129032,2221.172416129032,0.6600952380952382,0,2,6,1765.183918651727,1
21034,High Risk,0.9835175,Priority collections review,Severe delinquency history,High,645.1612903225806,634.5274193548387,0.9330166666666666,0,3,6,1222.2642376616714,1
8140,High Risk,0.9834991,Hardship outreach,Persistent delayed payments,High,1612.9032258064515,1586.2888709677418,1.0170433333333333,2,2,3,1295.4388316962968,1
18193,High Risk,0.9834698,Hardship outreach,Persistent delayed payments,High,2258.064516129032,2220.738258064516,0.5315071428571428,0,2,6,2164.9080119025843,1
15843,High Risk,0.9833776,Hardship outreach,Persistent delayed payments,High,7419.354838709677,7296.0273548387095,0.8504942028985507,2,2,3,8945.557817524106,1
17156,High Risk,0.9833467,Priority collections review,Severe delinquency history,High,967.741935483871,951.6258387096774,0.3506499999999999,0,3,6,1461.2716037752873,1
23688,High Risk,0.98334277,Hardship outreach,Persistent delayed payments,High,1612.9032258064515,1586.0367258064516,0.5864900000000001,0,2,6,1322.6609164861566,1
4584,High Risk,0.98332834,Hardship outreach,Persistent delayed payments,High,3548.3870967741937,3489.229593548387,0.5396636363636363,0,2,6,1895.1524476938523,1
15779,High Risk,0.98332685,Priority collections review,Severe delinquency history,High,645.1612903225806,634.4044193548386,0.6524416666666667,0,3,6,555.570127586668,1
9947,High Risk,0.98326945,Hardship outreach,Persistent delayed payments,High,967.741935483871,951.5510806451613,0.8388,2,2,3,1215.494138200592,1
27468,High Risk,0.98326206,Hardship outreach,Persistent delayed payments,High,17741.935483870966,17444.972032258065,0.901150606060606,2,2,3,28404.46653198519,1
17359,High Risk,0.9830957,Priority collections review,Severe delinquency history,High,3870.967741935484,3805.5317419354838,0.2418111111111111,0,3,6,1748.170090885514,1
17713,High Risk,0.9830905,Hardship outreach,Persistent delayed payments,High,2903.2258064516127,2854.133709677419,0.2027055555555555,0,2,6,2104.3910045426446,1
15186,High Risk,0.9830867,Hardship outreach,Persistent delayed payments,High,967.741935483871,951.3742258064516,0.2506,0,2,6,1847.3023574932176,0
15513,High Risk,0.9829695,Hardship outreach,Persistent delayed payments,High,967.741935483871,951.260806451613,0.6900722222222222,0,2,6,1012.8671021741532,1
16340,High Risk,0.9829691,Hardship outreach,Persistent delayed payments,High,967.741935483871,951.2604193548387,0.5665444444444445,0,2,6,1193.7960741544875,1
9452,High Risk,0.98290527,Hardship outreach,Persistent delayed payments,High,1612.9032258064515,1585.3310806451611,0.3283966666666666,0,2,6,926.3058710094992,1
14582,High Risk,0.9828872,Hardship outreach,Persistent delayed payments,High,4193.548387096774,4121.785032258063,0.1628128205128205,0,2,6,1606.5810488944112,1
13779,High Risk,0.9828555,Hardship outreach,Persistent delayed payments,High,967.741935483871,951.1504838709677,0.8523555555555555,0,2,6,1001.7819456681513,1
29748,High Risk,0.9828362,Hardship outreach,Persistent delayed payments,High,2903.2258064516127,2853.395419354839,1.0048388888888888,2,2,3,1614.6686037698262,1
8047,High Risk,0.98282754,Priority collections review,Severe delinquency history,High,967.741935483871,951.1234258064517,0.9152611111111112,0,3,6,1274.7750259032637,0
7056,High Risk,0.98279285,Priority collections review,Severe delinquency history,High,967.741935483871,951.0898548387097,0.8069666666666667,3,3,2,3751.4629679632985,1
12192,High Risk,0.9827634,Priority collections review,Severe delinquency history,High,322.5806451612903,317.0204516129032,0.042,0,4,6,0.0,1
7744,High Risk,0.98274565,Priority collections review,Severe delinquency history,High,645.1612903225806,634.0294516129032,0.990825,0,3,6,839.0324785131979,1
9063,High Risk,0.98272943,Hardship outreach,Persistent delayed payments,High,2258.064516129032,2219.0664548387094,0.6672452380952381,0,2,6,2460.3605765551247,1
20904,High Risk,0.98271734,Priority collections review,Severe delinquency history,High,645.1612903225806,634.0111870967742,0.0124999999999999,0,7,6,0.0,1
14650,High Risk,0.98271424,Hardship outreach,Persistent delayed payments,High,6451.612903225806,6340.091870967741,0.8513383333333335,0,2,6,7948.019644330698,1
7536,High Risk,0.9826346,Hardship outreach,Persistent delayed payments,High,3548.3870967741937,3486.767935483871,0.5214348484848484,0,2,6,2411.601660031496,1
7505,High Risk,0.9824979,Hardship outreach,Persistent delayed payments,High,3870.967741935484,3803.217677419355,0.2417888888888888,0,2,6,1128.7431358226136,1
10103,High Risk,0.9824744,Hardship outreach,Persistent delayed payments,High,967.741935483871,950.7816774193548,0.22075,2,2,3,991.4857033765036,1
9099,High Risk,0.9824149,Hardship outreach,Persistent delayed payments,High,4193.548387096774,4119.8044193548385,0.3445487179487179,0,2,6,1879.2064992082871,1
13021,High Risk,0.9823752,Priority collections review,Severe delinquency history,High,645.1612903225806,633.7904516129032,0.9343166666666668,0,3,6,1096.4841388121702,1
23950,High Risk,0.98229665,Priority collections review,Severe delinquency history,High,645.1612903225806,633.7397741935483,0.7401333333333334,2,3,3,992.0759379536764,1
8049,High Risk,0.98220223,Priority collections review,Severe delinquency history,High,2258.064516129032,2217.8760032258065,0.5730928571428572,0,3,6,3432.427289834411,1
6918,High Risk,0.9821738,Hardship outreach,Persistent delayed payments,High,9677.41935483871,9504.907741935484,0.9304444444444444,2,2,3,5759.58695278287,1
21531,High Risk,0.9821414,Priority collections review,Severe delinquency history,High,1935.483870967742,1900.9188387096776,0.7826166666666666,0,3,6,15131.207843394392,1
19131,High Risk,0.9821098,Hardship outreach,Persistent delayed payments,High,2903.2258064516127,2851.286516129032,0.20775,0,2,6,2238.553171135321,1
9228,High Risk,0.9820433,Priority collections review,Severe delinquency history,High,645.1612903225806,633.5763225806451,0.6040583333333334,2,4,3,509.9087826922249,1
13576,High Risk,0.98204124,Hardship outreach,Persistent delayed payments,High,1290.3225806451612,1267.149987096774,0.2346958333333333,0,2,6,1849.745865427645,1
13479,High Risk,0.98202986,Hardship outreach,Persistent delayed payments,High,967.741935483871,950.3514774193549,0.5568222222222222,0,2,6,1023.7963990299372,1
8179,High Risk,0.9820294,Hardship outreach,Persistent delayed payments,High,1612.9032258064515,1583.918387096774,0.83562,0,2,6,1533.611945702041,1
6630,High Risk,0.9819886,Hardship outreach,Persistent delayed payments,High,967.741935483871,950.3115483870968,0.6928666666666666,0,2,6,817.6319465382942,1
8270,High Risk,0.9819463,Hardship outreach,Persistent delayed payments,High,3870.967741935484,3801.0824516129032,0.0070166666666666,0,2,6,222.91164168791184,1
3513,High Risk,0.9819047,Hardship outreach,Persistent delayed payments,High,1935.483870967742,1900.4607096774193,0.7514,0,2,6,1791.2008262615334,1
29825,High Risk,0.98188925,Hardship outreach,Persistent delayed payments,High,1290.3225806451612,1266.953870967742,0.3096958333333333,0,2,6,1389.3914375245972,1
5049,High Risk,0.98172164,Hardship outreach,Persistent delayed payments,High,2580.6451612903224,2533.4752,0.9832604166666666,2,2,3,3489.9898805965995,1
27801,High Risk,0.98152304,Hardship outreach,Persistent delayed payments,High,3225.806451612903,3166.2033548387094,0.3617416666666667,0,2,6,3151.102182834868,1
27846,High Risk,0.98147744,Hardship outreach,Persistent delayed payments,High,967.741935483871,949.8168774193549,0.7852833333333332,2,2,3,1965.840151182186,1
14707,High Risk,0.9813597,Hardship outreach,Persistent delayed payments,High,3225.806451612903,3165.676451612903,0.3648233333333334,0,2,6,2031.0766274728944,1
4354,High Risk,0.98126125,Hardship outreach,Persistent delayed payments,High,645.1612903225806,633.0717741935483,0.8695750000000001,1,2,5,1784.3019643546884,1
15960,High Risk,0.98122704,Credit line review,Utilization above approved limit,High,1612.9032258064515,1582.624258064516,1.2132600000000002,3,2,2,3672.574410410224,1
26620,High Risk,0.9812065,Hardship outreach,Persistent delayed payments,High,322.5806451612903,316.5182258064516,0.7829833333333335,2,2,3,1619.405744915914,1
16559,High Risk,0.98120475,Priority collections review,Severe delinquency history,High,967.741935483871,949.5529838709678,0.055,0,4,6,0.0,1
16714,High Risk,0.9811725,Priority collections review,Severe delinquency history,High,7096.774193548387,6963.159677419355,0.8826575757575758,3,3,2,9164.294640978467,1
16626,High Risk,0.98109895,Hardship outreach,Persistent delayed payments,High,1612.9032258064515,1582.4176612903225,0.6559566666666666,0,2,6,1442.6215604470449,1
19043,High Risk,0.9809826,Hardship outreach,Persistent delayed payments,High,2258.064516129032,2215.122,0.2533595238095238,2,2,3,1792.946225257932,1
17615,High Risk,0.98096573,Hardship outreach,Persistent delayed payments,High,2580.6451612903224,2531.524464516129,0.5357270833333333,0,2,6,1577.8341378822638,1
19318,High Risk,0.9809079,Hardship outreach,Persistent delayed payments,High,1612.9032258064515,1582.1095161290323,0.41296,0,2,6,1309.558246127296,1
12018,High Risk,0.98080945,Hardship outreach,Persistent delayed payments,High,1612.9032258064515,1581.9507258064514,0.28379,2,2,3,2106.278495356205,1
5743,High Risk,0.9807567,Hardship outreach,Persistent delayed payments,High,967.741935483871,949.1193870967743,0.7879833333333334,0,2,6,1494.60332530073,1
3964,High Risk,0.98074627,Hardship outreach,Persistent delayed payments,High,2903.2258064516127,2847.3278806451613,0.2173851851851852,0,2,6,1725.9016966984727,1
6910,High Risk,0.9807145,Hardship outreach,Persistent delayed payments,High,967.741935483871,949.0785483870968,0.9103277777777776,2,2,3,2897.069651676788,1
28262,High Risk,0.9806698,Priority collections review,Severe delinquency history,High,645.1612903225806,632.6901935483871,0.9685833333333332,0,3,6,898.9746752087439,1
12898,High Risk,0.98059595,Priority collections review,Severe delinquency history,High,645.1612903225806,632.6425483870968,0.461025,3,3,2,1691.5892823022969,1
4884,High Risk,0.98055685,Hardship outreach,Persistent delayed payments,High,4838.709677419355,4744.629919354839,0.8409733333333334,2,2,3,5433.721229507454,1
10152,High Risk,0.9805351,Priority collections review,Severe delinquency history,High,1935.483870967742,1897.809870967742,1.0137555555555555,0,3,6,1035.9769624208188,1
11485,High Risk,0.9805322,Hardship outreach,Persistent delayed payments,High,967.741935483871,948.902129032258,0.9128722222222222,0,2,6,1298.2761519286514,1
5682,High Risk,0.98052865,Hardship outreach,Persistent delayed payments,High,967.741935483871,948.8986935483871,0.4705055555555555,0,2,6,1188.7918937588136,1
21322,High Risk,0.98044205,Hardship outreach,Persistent delayed payments,High,9677.41935483871,9488.148870967741,0.8590688888888889,0,2,6,8961.461882230302,1
29343,High Risk,0.98033994,Hardship outreach,Persistent delayed payments,High,967.741935483871,948.716070967742,0.7733333333333334,0,2,6,930.4216248561723,1
27214,High Risk,0.9803176,Hardship outreach,Persistent delayed payments,High,3225.806451612903,3162.314838709677,0.38094,2,2,3,2177.325607253081,1
23711,High Risk,0.98024356,Hardship outreach,Persistent delayed payments,High,3225.806451612903,3162.0759999999996,0.484855,0,2,6,2400.6194825502853,1
23692,High Risk,0.98011327,Priority collections review,Severe delinquency history,High,645.1612903225806,632.3311419354839,0.4022583333333334,0,3,6,890.7586466976712,1
20360,High Risk,0.980056,Priority collections review,Severe delinquency history,High,645.1612903225806,632.294193548387,0.935525,0,3,6,1894.1341821528904,1
9662,High Risk,0.98003334,Hardship outreach,Persistent delayed payments,High,967.741935483871,948.4193612903225,0.670811111111111,0,2,6,1831.9176473484465,1
116,High Risk,0.97978735,Priority collections review,Severe delinquency history,High,967.741935483871,948.1813064516128,0.6536666666666667,3,3,2,1645.6070004712549,1
10964,High Risk,0.97978276,Hardship outreach,Persistent delayed payments,High,1935.483870967742,1896.3537290322581,0.4140111111111111,0,2,6,1471.3190907028516,1
2428,High Risk,0.9795746,Hardship outreach,Persistent delayed payments,High,1612.9032258064515,1579.9590322580643,0.5637733333333333,2,2,3,1020.1001258046518,1
7138,High Risk,0.97952306,Hardship outreach,Persistent delayed payments,High,5806.451612903225,5687.553251612902,0.2807509259259259,0,2,6,2124.6809093759625,1
20933,High Risk,0.97950816,Hardship outreach,Persistent delayed payments,High,4193.548387096774,4107.614864516128,0.5521615384615385,0,2,6,3730.907074693767,1
9661,High Risk,0.97944665,Hardship outreach,Persistent delayed payments,High,967.741935483871,947.8515967741936,0.9414777777777776,0,2,6,1317.1468660201365,1
7469,High Risk,0.9793799,Hardship outreach,Persistent delayed payments,High,645.1612903225806,631.858,0.6573833333333333,0,2,6,1806.0236617128432,1
17545,High Risk,0.9793743,Hardship outreach,Persistent delayed payments,High,645.1612903225806,631.8543870967742,0.4318999999999999,2,2,3,1683.1053442966663,1
8105,High Risk,0.97934794,Hardship outreach,Persistent delayed payments,High,8387.096774193547,8213.885948387097,0.5554698717948717,2,2,3,6486.432622533489,1
23088,High Risk,0.97917706,Hardship outreach,Persistent delayed payments,High,3225.806451612903,3158.6356774193546,0.78848,0,2,6,1649.5892822154246,1
29772,High Risk,0.9791479,Priority collections review,Severe delinquency history,High,322.5806451612903,315.85416129032257,0.7187333333333333,1,4,5,292.06209385448614,1
24039,High Risk,0.9791272,Priority collections review,Severe delinquency history,High,2258.064516129032,2210.932387096774,0.8802333333333333,0,3,6,3466.375609576473,1
16964,High Risk,0.9790082,Hardship outreach,Persistent delayed payments,High,3548.3870967741937,3473.900064516129,0.5300939393939395,0,2,6,1844.9409385307345,1
2418,High Risk,0.97900075,Credit line review,Utilization above approved limit,High,967.741935483871,947.4200806451613,1.0155611111111111,3,2,2,287.2012650854217,1
7155,High Risk,0.97895676,Hardship outreach,Persistent delayed payments,High,2258.064516129032,2210.547522580645,0.4413928571428571,0,2,6,2252.977208051604,1
22246,High Risk,0.9789457,Hardship outreach,Persistent delayed payments,High,967.741935483871,947.3668064516129,0.6143833333333334,2,2,3,2176.6369242480478,0
7877,High Risk,0.97893834,Hardship outreach,Persistent delayed payments,High,2580.6451612903224,2526.2924903225808,0.3238562499999999,0,2,6,1937.530051379849,1
26087,High Risk,0.9788809,Credit line review,Utilization above approved limit,High,10322.58064516129,10104.577032258065,1.177653645833333,5,2,1,119057.23757322216,1
18006,High Risk,0.9787991,Hardship outreach,Persistent delayed payments,High,2903.2258064516127,2841.6748064516128,0.3367166666666666,0,2,6,2222.8728933522043,1
29745,High Risk,0.9787988,Priority collections review,Severe delinquency history,High,967.741935483871,947.2246451612903,0.6558944444444444,0,4,6,1087.2943330426526,1
3010,High Risk,0.9787658,Hardship outreach,Persistent delayed payments,High,967.741935483871,947.1927096774194,0.8044222222222221,2,2,3,1147.6904925399822,1
3501,High Risk,0.97875834,Hardship outreach,Persistent delayed payments,High,967.741935483871,947.1854903225806,0.65365,0,2,6,1754.3115743789642,1
14797,High Risk,0.9787552,Hardship outreach,Persistent delayed payments,High,1612.9032258064515,1578.6374193548386,0.9109166666666668,0,2,6,1240.3000309065008,1
26737,High Risk,0.9787517,Hardship outreach,Persistent delayed payments,High,2580.6451612903224,2525.8108387096772,0.6953833333333334,0,2,6,2341.6188986824195,1
18336,High Risk,0.9787258,Priority collections review,Severe delinquency history,High,645.1612903225806,631.4359999999999,0.4334166666666666,3,3,2,1837.264669737778,1
22434,High Risk,0.97862,Credit line review,Utilization above approved limit,High,3225.806451612903,3156.838709677419,1.1027133333333332,4,2,1,8019.24404583541,1
27500,High Risk,0.9785292,Priority collections review,Severe delinquency history,High,645.1612903225806,631.3091612903225,0.3920666666666667,0,3,6,954.370508066268,1
9958,High Risk,0.97852534,Credit line review,Utilization above approved limit,High,967.741935483871,946.9600064516129,1.0833222222222223,3,2,2,1458.9043377365997,1
26713,High Risk,0.97840893,Hardship outreach,Persistent delayed payments,High,967.741935483871,946.8473516129031,0.5165000000000001,0,2,6,1331.4040708965854,0
19588,High Risk,0.9784067,Hardship outreach,Persistent delayed payments,High,1290.3225806451612,1262.460258064516,0.3963833333333333,0,2,6,820.4376068091142,1
14175,High Risk,0.978395,Hardship outreach,Persistent delayed payments,High,8064.516129032258,7890.282258064516,0.1361726666666667,2,2,3,3231.183400345246,1
29026,High Risk,0.9783919,Priority collections review,Severe delinquency history,High,2903.2258064516127,2840.4926129032256,0.963725925925926,2,3,3,2317.330677021876,1
2773,High Risk,0.9783237,Priority collections review,Severe delinquency history,High,1612.9032258064515,1577.9414516129032,0.88997,0,3,6,1341.9911698666276,1
2103,High Risk,0.97829115,Priority collections review,Severe delinquency history,High,322.5806451612903,315.57779032258065,0.4205333333333332,0,4,6,226.55124512274628,1
858,High Risk,0.97828627,Hardship outreach,Persistent delayed payments,High,3225.806451612903,3155.762161290322,0.52379,0,2,6,1290.2745444284328,1
26943,High Risk,0.9782607,Hardship outreach,Persistent delayed payments,High,322.5806451612903,315.5679677419355,0.5299166666666667,0,2,6,1357.4223243584388,1
6917,High Risk,0.97824824,Hardship outreach,Persistent delayed payments,High,322.5806451612903,315.56394838709673,0.9098666666666668,2,2,3,1194.787121903591,1
1870,High Risk,0.9782161,Hardship outreach,Persistent delayed payments,High,1290.3225806451612,1262.214322580645,0.8871833333333333,0,2,6,1664.979959839357,1
1207,High Risk,0.9782056,Hardship outreach,Persistent delayed payments,High,2258.064516129032,2208.8513548387095,0.3294452380952381,0,2,6,2022.7682434393384,1
3840,High Risk,0.9781877,Hardship outreach,Persistent delayed payments,High,1612.9032258064515,1577.7220967741935,0.5840333333333333,2,2,3,986.5644766900268,1
15152,High Risk,0.97806054,Hardship outreach,Persistent delayed payments,High,2580.6451612903224,2524.0272,0.8372625,2,2,3,13231.003469125084,1
19345,High Risk,0.9779458,Hardship outreach,Persistent delayed payments,High,645.1612903225806,630.9327741935483,0.7719583333333332,0,2,6,979.6153156554192,1
6120,High Risk,0.97794116,Hardship outreach,Persistent delayed payments,High,1612.9032258064515,1577.324451612903,0.4630766666666666,2,2,3,1580.1918132513745,1
16593,High Risk,0.9779273,Hardship outreach,Persistent delayed payments,High,2258.064516129032,2208.222935483871,0.5131595238095238,0,2,6,1462.330799329162,1
10871,High Risk,0.97771215,Hardship outreach,Persistent delayed payments,High,2580.6451612903224,2523.128129032258,0.7560749999999999,0,2,6,1884.414073392576,1
2145,High Risk,0.97765577,Priority collections review,Severe delinquency history,High,645.1612903225806,630.7456580645161,0.2918416666666666,2,3,2,898.5771901548952,1
24997,High Risk,0.9774179,Hardship outreach,Persistent delayed payments,High,2580.6451612903224,2522.3687741935482,0.91051875,2,2,3,2866.574593482612,1
2471,High Risk,0.9773351,Hardship outreach,Persistent delayed payments,High,4516.129032258064,4413.771419354839,0.7043928571428572,0,2,6,5444.917409841953,1
26780,High Risk,0.9773104,Hardship outreach,Persistent delayed payments,High,1612.9032258064515,1576.3070967741935,0.2799233333333333,2,2,3,1371.9695939293504,0
19146,High Risk,0.9771527,Hardship outreach,Persistent delayed payments,High,3225.806451612903,3152.1054838709674,0.6565766666666666,0,2,6,2388.531906143744,1
4770,High Risk,0.9770966,Priority collections review,Severe delinquency history,High,3225.806451612903,3151.924516129032,0.6828166666666666,3,3,2,19697.609760239106,1
28082,High Risk,0.97706974,Priority collections review,Severe delinquency history,High,322.5806451612903,315.1837870967742,0.8323999999999999,0,5,6,305.9490153604028,1
28645,High Risk,0.9770158,Hardship outreach,Persistent delayed payments,High,3225.806451612903,3151.663870967742,1.0658833333333333,0,2,6,1198.9384749296632,1
18074,High Risk,0.97701573,Hardship outreach,Persistent delayed payments,High,3548.3870967741937,3466.830009677419,0.7602257575757575,0,2,6,3347.7606495486903,1
10862,High Risk,0.97689146,Priority collections review,Severe delinquency history,High,3548.3870967741937,3466.3890516129036,0.0043181818181818,0,4,6,199.37402037376887,1
17130,High Risk,0.9768688,Hardship outreach,Persistent delayed payments,High,2580.6451612903224,2520.951741935484,0.31419375,0,2,6,2268.3524197090715,1
20441,High Risk,0.97673506,Hardship outreach,Persistent delayed payments,High,1612.9032258064515,1575.3791290322579,0.67209,0,2,6,1361.100694291205,1
18063,High Risk,0.9766892,Priority collections review,Severe delinquency history,High,1612.9032258064515,1575.3051612903225,0.3851599999999999,0,3,6,3394.492421555836,1
12588,High Risk,0.97667557,Hardship outreach,Persistent delayed payments,High,322.5806451612903,315.056635483871,0.9074333333333334,2,2,3,1283.642733266023,1
29313,High Risk,0.9764931,Hardship outreach,Persistent delayed payments,High,3548.3870967741937,3464.9755161290323,0.7959318181818181,0,2,6,2448.8059743474982,1
3144,High Risk,0.9764642,Hardship outreach,Persistent delayed payments,High,2258.064516129032,2204.9191612903223,0.7502357142857142,0,2,6,2390.5472804360093,1
20399,High Risk,0.9764281,Priority collections review,Severe delinquency history,High,645.1612903225806,629.9536129032258,0.6168416666666666,2,3,3,1188.161843633546,1
1436,High Risk,0.97634,Hardship outreach,Persistent delayed payments,High,3225.806451612903,3149.4838709677415,0.35015,0,2,6,1514.483542333821,1
8742,High Risk,0.97628754,Hardship outreach,Persistent delayed payments,High,2580.6451612903224,2519.451716129032,0.36176875,0,2,6,1228.1650947653577,1
12832,High Risk,0.9762393,Hardship outreach,Persistent delayed payments,High,645.1612903225806,629.8318064516129,0.3325333333333333,2,2,3,1491.3980912776665,1
16223,High Risk,0.9762106,Priority collections review,Severe delinquency history,High,2580.6451612903224,2519.2531612903226,0.89240625,0,3,6,3483.973349496233,1
13786,High Risk,0.9760828,Hardship outreach,Persistent delayed payments,High,7741.935483870968,7556.770064516129,0.1427708333333333,0,2,6,1242.6935261761043,1
11777,High Risk,0.9760502,Hardship outreach,Persistent delayed payments,High,2258.064516129032,2203.984322580645,0.84495,2,2,3,4147.322208365296,0
5727,High Risk,0.9759375,Hardship outreach,Persistent delayed payments,High,3870.967741935484,3777.8225806451615,0.23315,0,2,6,960.8007077432864,1
2472,High Risk,0.9758891,Priority collections review,Severe delinquency history,High,645.1612903225806,629.6058709677419,0.577125,0,3,6,665.7229904397174,1
16890,High Risk,0.97585756,Hardship outreach,Persistent delayed payments,High,4838.709677419355,4721.891419354839,0.2508833333333333,0,2,6,1675.891016743034,1
10908,High Risk,0.97581506,Hardship outreach,Persistent delayed payments,High,4838.709677419355,4721.685774193548,0.1379,0,2,6,1844.989539265738,1
13489,High Risk,0.9757639,Priority collections review,Severe delinquency history,High,2580.6451612903224,2518.1003870967743,0.7963916666666667,0,3,6,1893.4008203934704,1
1445,High Risk,0.9756564,Priority collections review,Severe delinquency history,High,1290.3225806451612,1258.9114838709677,0.753,3,3,2,1984.4760517577429,1
6122,High Risk,0.97563916,Hardship outreach,Persistent delayed payments,High,8064.516129032258,7868.057741935483,0.4232153333333333,2,2,3,17834.495153120166,1
10084,High Risk,0.9756241,Hardship outreach,Persistent delayed payments,High,967.741935483871,944.1523548387097,0.7244611111111112,2,2,3,1658.3905953262838,0
7532,High Risk,0.9756119,Hardship outreach,Persistent delayed payments,High,2258.064516129032,2202.9946129032255,0.7382928571428571,0,2,6,2270.862897666876,1
63,High Risk,0.9755391,Hardship outreach,Persistent delayed payments,High,1612.9032258064515,1573.4501612903225,0.52558,0,2,6,1531.092028586133,1
25531,High Risk,0.97549486,Hardship outreach,Persistent delayed payments,High,4193.548387096774,4090.784896774193,0.2486205128205128,0,2,6,2136.191907733635,1
9223,High Risk,0.9754556,Hardship outreach,Persistent delayed payments,High,1612.9032258064515,1573.3154838709677,0.6121600000000001,0,2,6,1379.0144306714126,1
5172,High Risk,0.9754038,Hardship outreach,Persistent delayed payments,High,2258.064516129032,2202.524709677419,0.4622428571428572,0,2,6,1822.032381710051,1
13585,High Risk,0.9753679,Hardship outreach,Persistent delayed payments,High,1612.9032258064515,1573.1740322580642,0.8190166666666667,2,2,3,2560.1785419510625,0
1776,High Risk,0.97531337,Hardship outreach,Persistent delayed payments,High,2580.6451612903224,2516.9377290322577,0.21605,0,2,6,1149.9351286050878,1
3271,High Risk,0.97528243,Priority collections review,Severe delinquency history,High,10322.58064516129,10067.43153548387,0.3074359375,2,3,2,6920.982928746465,1
23665,High Risk,0.97517633,Hardship outreach,Persistent delayed payments,High,967.741935483871,943.719029032258,0.4306,2,2,3,1109.6990583036466,1
3242,High Risk,0.97514194,Hardship outreach,Persistent delayed payments,High,6451.612903225806,6291.238322580644,0.4987183333333334,2,2,3,6825.552627199257,1
23066,High Risk,0.9750921,Hardship outreach,Persistent delayed payments,High,4838.709677419355,4718.187580645162,0.4784933333333334,0,2,6,2356.2692545632385,1
27651,High Risk,0.975064,Hardship outreach,Persistent delayed payments,High,645.1612903225806,629.0735483870968,0.9005333333333335,2,2,3,2291.5630182621358,0
11720,High Risk,0.9750624,Hardship outreach,Persistent delayed payments,High,2258.064516129032,2201.753806451613,0.6627333333333333,0,2,6,1161.7983760819543,1
8728,High Risk,0.97499925,Hardship outreach,Persistent delayed payments,High,967.741935483871,943.5476612903226,0.5112666666666666,2,2,3,932.1937566836629,1
17807,High Risk,0.97489136,Hardship outreach,Persistent delayed payments,High,967.741935483871,943.4432516129032,0.7698444444444444,2,2,3,2785.4775293774437,1
22521,High Risk,0.97484416,Hardship outreach,Persistent delayed payments,High,1290.3225806451612,1257.8634322580644,0.0312041666666666,2,2,3,1744.3707652522346,1
29669,High Risk,0.97478867,Priority collections review,Severe delinquency history,High,2258.064516129032,2201.135706451613,0.8907619047619049,0,4,6,2558.229127085114,1
9614,High Risk,0.97477144,Hardship outreach,Persistent delayed payments,High,3870.967741935484,3773.3088000000002,0.840825,0,2,6,2418.460750146671,1
2853,High Risk,0.97475296,Hardship outreach,Persistent delayed payments,High,2903.2258064516127,2829.9279483870964,0.9539777777777776,0,2,6,1874.3470329690815,1
15428,High Risk,0.97475296,Priority collections review,Severe delinquency history,High,11612.90322580645,11319.711793548386,0.005787037037037,0,3,6,1020.6207261596576,1
12407,High Risk,0.97469497,Hardship outreach,Persistent delayed payments,High,5161.290322580645,5030.683716129032,0.8577802083333333,0,2,6,6430.294376361526,1
28109,High Risk,0.9746164,Hardship outreach,Persistent delayed payments,High,3870.967741935484,3772.7086451612904,0.0066083333333333,0,2,6,202.59812437433868,1
9024,High Risk,0.97459066,Credit line review,Utilization above approved limit,High,967.741935483871,943.1522516129032,1.1460833333333331,3,2,2,11772.5427457283,1
16839,High Risk,0.97458106,Hardship outreach,Persistent delayed payments,High,967.741935483871,943.1429612903225,0.5792611111111111,0,2,6,1548.911026065302,1
4379,High Risk,0.97454256,Hardship outreach,Persistent delayed payments,High,5806.451612903225,5658.634219354838,0.5514638888888889,0,2,6,3261.5863471629877,1
1982,High Risk,0.9744913,Priority collections review,Severe delinquency history,High,2580.6451612903224,2514.8162580645158,0.5179958333333333,0,3,6,1893.9439977641011,1
18376,High Risk,0.97448903,Hardship outreach,Persistent delayed payments,High,1935.483870967742,1886.1078,0.4979444444444444,0,2,6,2130.545908134032,1
16506,High Risk,0.97427976,Priority collections review,Severe delinquency history,High,322.5806451612903,314.2837935483871,0.8010833333333331,0,4,6,298.783143210367,1
5675,High Risk,0.9742037,Hardship outreach,Persistent delayed payments,High,3225.806451612903,3142.592580645161,0.9585383333333332,1,2,5,1639.4198262393518,1
19092,High Risk,0.9741853,Priority collections review,Severe delinquency history,High,1612.9032258064515,1571.2666129032257,0.8585366666666667,0,3,6,2038.7807549284612,1
17389,High Risk,0.97414726,Hardship outreach,Persistent delayed payments,High,4193.548387096774,4085.133670967741,0.5996948717948718,2,2,3,4417.879295167159,1
11664,High Risk,0.97411025,Hardship outreach,Persistent delayed payments,High,1612.9032258064515,1571.1455645161288,0.5781966666666666,0,2,6,1148.5457616772032,0
15761,High Risk,0.9740735,Priority collections review,Severe delinquency history,High,645.1612903225806,628.4345161290322,0.5773666666666667,2,3,3,2821.9106057185204,1
4433,High Risk,0.97404796,Priority collections review,Severe delinquency history,High,967.741935483871,942.6270580645162,0.9261944444444444,0,3,6,563.8150110334653,0
5285,High Risk,0.97404736,Priority collections review,Severe delinquency history,High,2580.6451612903224,2513.670606451613,0.0059375,0,4,6,199.37402037376887,1
2135,High Risk,0.9740434,Hardship outreach,Persistent delayed payments,High,5161.290322580645,5027.3207741935485,0.4452843749999999,0,2,6,2421.919466043411,1
7793,High Risk,0.97395384,Hardship outreach,Persistent delayed payments,High,645.1612903225806,628.3573161290323,1.0195,0,2,6,505.3497798554977,1
17208,High Risk,0.9738337,Priority collections review,Severe delinquency history,High,1612.9032258064515,1570.6995161290322,0.6935700000000001,0,3,6,1060.8720469500552,1
355,High Risk,0.9737171,Hardship outreach,Persistent delayed payments,High,1612.9032258064515,1570.511451612903,0.3640533333333333,2,2,3,1174.7850299806628,0
13219,High Risk,0.9736787,Hardship outreach,Persistent delayed payments,High,645.1612903225806,628.1798064516129,0.2452583333333333,2,2,3,1025.3029633560348,1
1522,High Risk,0.9735545,Priority collections review,Severe delinquency history,High,1935.483870967742,1884.2990322580645,0.1709833333333333,0,5,6,461.9956709753892,0
14977,High Risk,0.973546,Hardship outreach,Persistent delayed payments,High,967.741935483871,942.1412903225806,0.9351388888888889,0,2,6,1231.315624308677,1
1559,High Risk,0.97347194,Hardship outreach,Persistent delayed payments,High,1612.9032258064515,1570.1160322580645,0.8082433333333333,0,2,6,1373.3156107270706,1
17486,High Risk,0.97342885,Hardship outreach,Persistent delayed payments,High,1612.9032258064515,1570.0465322580644,0.4990533333333333,0,2,6,1211.2675454525588,1
5164,High Risk,0.9733898,Hardship outreach,Persistent delayed payments,High,3548.3870967741937,3453.963806451613,0.846171212121212,0,2,6,4319.165633159565,1
17813,High Risk,0.97330713,Hardship outreach,Persistent delayed payments,High,322.5806451612903,313.97004193548383,0.8256333333333332,0,2,6,1232.78248960093,1
15775,High Risk,0.973257,Hardship outreach,Persistent delayed payments,High,4516.129032258064,4395.354193548387,0.3771571428571429,0,2,6,1661.5176195274005,1
2102,High Risk,0.9732098,Hardship outreach,Persistent delayed payments,High,4516.129032258064,4395.141032258064,0.4224416666666666,0,2,6,1845.1193367006556,0
14334,High Risk,0.9731513,Hardship outreach,Persistent delayed payments,High,1612.9032258064515,1569.598870967742,0.0389566666666666,2,2,3,795.782989681651,1
22898,High Risk,0.97310334,Hardship outreach,Persistent delayed payments,High,3225.806451612903,3139.043032258064,0.4266266666666667,0,2,6,1669.8657031829434,1
26174,High Risk,0.97307813,Priority collections review,Severe delinquency history,High,322.5806451612903,313.8961709677419,0.3885833333333333,2,3,3,1542.3337403644734,1
19490,High Risk,0.97299427,Hardship outreach,Persistent delayed payments,High,5806.451612903225,5649.644148387097,0.7871212962962962,0,2,6,6469.441317970715,1
14221,High Risk,0.9729846,Hardship outreach,Persistent delayed payments,High,2258.064516129032,2197.062,0.6642238095238094,0,2,6,1492.3377187040026,1
1433,High Risk,0.9729566,Hardship outreach,Persistent delayed payments,High,7419.354838709677,7218.710258064515,0.8012579710144928,0,2,6,5621.733777640726,1
4573,High Risk,0.9728881,Priority collections review,Severe delinquency history,High,322.5806451612903,313.83487096774195,0.6549166666666667,0,3,6,801.2788320345588,1
18623,High Risk,0.9728247,Hardship outreach,Persistent delayed payments,High,1612.9032258064515,1569.0720967741934,0.86962,0,2,6,1673.2127180965365,1
2642,High Risk,0.9727726,Priority collections review,Severe delinquency history,High,1612.9032258064515,1568.9880645161288,0.9007266666666666,1,4,5,1028.2267583887644,1
17032,High Risk,0.9727673,Hardship outreach,Persistent delayed payments,High,1612.9032258064515,1568.9795161290322,0.8789033333333333,0,2,6,1908.266167668092,1
17350,High Risk,0.9727591,Priority collections review,Severe delinquency history,High,3225.806451612903,3137.932580645161,0.79298,2,3,2,3910.12296481837,1
7504,High Risk,0.97258806,Hardship outreach,Persistent delayed payments,High,967.741935483871,941.2142516129032,0.890361111111111,2,2,3,2989.296065408488,1
28324,High Risk,0.9725318,Hardship outreach,Persistent delayed payments,High,5806.451612903225,5646.9588387096765,0.6115231481481481,0,2,6,3325.737176426704,1
19084,High Risk,0.97250235,Hardship outreach,Persistent delayed payments,High,2258.064516129032,2195.9730483870967,0.2744833333333333,2,2,3,8207.40417956047,1
27255,High Risk,0.9724318,Hardship outreach,Persistent delayed payments,High,2580.6451612903224,2509.5014193548386,0.5289583333333333,0,2,6,1445.9847394307685,0
9584,High Risk,0.97242874,Hardship outreach,Persistent delayed payments,High,645.1612903225806,627.3733806451613,0.4020916666666667,0,2,6,782.4587955072565,1
7569,High Risk,0.9724276,Hardship outreach,Persistent delayed payments,High,967.741935483871,941.0589677419355,0.7258499999999999,0,2,6,996.2703950233592,1
25630,High Risk,0.97233117,Hardship outreach,Persistent delayed payments,High,2258.064516129032,2195.586512903226,0.2219119047619047,2,2,3,928.0403906439992,1
26013,High Risk,0.97228616,Priority collections review,Severe delinquency history,High,1612.9032258064515,1568.2034838709676,0.2462566666666666,0,3,6,403.9333690928081,1
5178,High Risk,0.97228247,Hardship outreach,Persistent delayed payments,High,6129.032258064516,5959.150622580645,0.3840412280701754,0,2,6,2401.997453509613,1
17620,High Risk,0.97220707,Hardship outreach,Persistent delayed payments,High,5806.451612903225,5645.073309677418,0.7014342592592593,0,2,6,4994.813046217712,1
17916,High Risk,0.97216415,Priority collections review,Severe delinquency history,High,1612.9032258064515,1568.006693548387,0.8076766666666666,0,3,6,1487.3503173989195,1
72,High Risk,0.9720409,Hardship outreach,Persistent delayed payments,High,10322.58064516129,10033.97058064516,0.1886208333333333,0,2,6,2120.736633027936,1
18230,High Risk,0.97203267,Priority collections review,Severe delinquency history,High,1612.9032258064515,1567.794629032258,0.7457633333333334,0,3,6,2230.8193487296694,1
16210,High Risk,0.97201204,Hardship outreach,Persistent delayed payments,High,645.1612903225806,627.1045419354838,0.9378416666666666,2,2,3,1525.2010250018411,1
22537,High Risk,0.97201014,Hardship outreach,Persistent delayed payments,High,4193.548387096774,4076.171554838709,0.8405846153846154,0,2,6,3023.347680965588,1
9103,High Risk,0.97197837,Hardship outreach,Persistent delayed payments,High,4516.129032258064,4389.5797354838705,0.5865619047619048,0,2,6,4905.833004359878,1
16464,High Risk,0.97194856,Hardship outreach,Persistent delayed payments,High,1612.9032258064515,1567.6589677419354,0.15261,2,2,3,2055.225997305406,1
16943,High Risk,0.9719121,Priority collections review,Severe delinquency history,High,967.741935483871,940.5600967741935,0.8660055555555556,2,3,3,2032.2578002474652,1
25317,High Risk,0.9718972,Hardship outreach,Persistent delayed payments,High,1612.9032258064515,1567.576129032258,0.7063,0,2,6,1144.341382630201,1
21652,High Risk,0.9718474,Hardship outreach,Persistent delayed payments,High,322.5806451612903,313.49916129032255,0.7174666666666667,0,2,6,1025.8702971948585,1
6915,High Risk,0.97183627,Priority collections review,Severe delinquency history,High,3225.806451612903,3134.955709677419,0.714995,3,3,2,5356.201107128073,1
4580,High Risk,0.9718355,Hardship outreach,Persistent delayed payments,High,6451.612903225806,6269.906451612903,0.8522783333333334,0,2,6,6121.03480358237,1
19150,High Risk,0.97177607,Hardship outreach,Persistent delayed payments,High,2258.064516129032,2194.3330612903223,0.2895547619047618,2,2,3,1400.8356672596062,1
12395,High Risk,0.97175884,Hardship outreach,Persistent delayed payments,High,645.1612903225806,626.9411870967741,0.8483999999999999,0,2,6,867.5982941430902,1
7680,High Risk,0.9717311,Hardship outreach,Persistent delayed payments,High,1612.9032258064515,1567.3082258064514,0.5079933333333333,0,2,6,785.705203410711,1
2046,High Risk,0.9716744,Hardship outreach,Persistent delayed payments,High,3548.3870967741937,3447.876903225807,0.5530166666666667,0,2,6,2996.611580880423,1
29162,High Risk,0.97164977,Hardship outreach,Persistent delayed payments,High,322.5806451612903,313.43540967741933,0.8647833333333335,2,2,4,1280.7037778763156,1
7023,High Risk,0.9713865,Priority collections review,Severe delinquency history,High,3225.806451612903,3133.504838709677,0.62689,0,3,6,2304.079512516875,1
14379,High Risk,0.97138613,Hardship outreach,Persistent delayed payments,High,1612.9032258064515,1566.751822580645,0.9055766666666668,2,2,3,2716.2576767800706,1
25416,High Risk,0.971385,Hardship outreach,Persistent delayed payments,High,2258.064516129032,2193.4500000000003,0.8254333333333334,0,2,6,1780.572342441235,1
14723,High Risk,0.971185,Hardship outreach,Persistent delayed payments,High,2580.6451612903224,2506.2838709677417,0.54700625,0,2,6,1612.9010819018008,1
15112,High Risk,0.9710486,Hardship outreach,Persistent delayed payments,High,1612.9032258064515,1566.2074193548387,0.4283566666666667,0,2,6,1714.6678298337165,1
1432,High Risk,0.97102106,Hardship outreach,Persistent delayed payments,High,2258.064516129032,2192.6282,0.7604714285714286,0,2,6,1804.817663920652,1
12393,High Risk,0.9708136,Hardship outreach,Persistent delayed payments,High,967.741935483871,939.4970322580646,0.9340166666666666,0,2,6,456.97034914751305,1
23853,High Risk,0.9707145,Hardship outreach,Persistent delayed payments,High,4516.129032258064,4383.871935483871,0.5142333333333333,0,2,6,2263.5552272181626,1
25468,High Risk,0.9706778,Hardship outreach,Persistent delayed payments,High,3548.3870967741937,3444.3405806451615,0.2345136363636364,0,2,6,1255.8220813475132,1
4493,High Risk,0.9706177,Hardship outreach,Persistent delayed payments,High,1612.9032258064515,1565.5124193548386,0.6904833333333333,0,2,6,1429.645328977319,1
10629,High Risk,0.97056365,Hardship outreach,Persistent delayed payments,High,8387.096774193547,8140.211258064515,0.0019871794871794,2,2,4,973.4817238483046,1
23939,High Risk,0.9703973,Hardship outreach,Persistent delayed payments,High,2258.064516129032,2191.2197096774194,0.4452452380952381,0,2,6,1293.68688895987,1
14315,High Risk,0.97027224,Hardship outreach,Persistent delayed payments,High,2580.6451612903224,2503.9283612903223,0.6352354166666667,0,2,6,1726.8004420507502,1
17235,High Risk,0.97017044,Hardship outreach,Persistent delayed payments,High,2580.6451612903224,2503.665651612903,0.2982604166666666,2,2,3,1571.0663151715355,1
18279,High Risk,0.9701315,Hardship outreach,Persistent delayed payments,High,5483.870967741936,5320.0759677419355,0.2752117647058824,0,2,6,1696.0410372393706,1
27600,High Risk,0.97010773,Hardship outreach,Persistent delayed payments,High,2580.6451612903224,2503.5038193548385,0.5047020833333333,2,2,3,2319.475235191501,1
27263,High Risk,0.9700716,Priority collections review,Severe delinquency history,High,1612.9032258064515,1564.6316129032257,0.7160833333333333,0,3,6,1264.1453107402908,1
23705,High Risk,0.969985,Hardship outreach,Persistent delayed payments,High,1612.9032258064515,1564.4919354838707,0.8814866666666665,0,2,6,1806.323411426278,1
2822,High Risk,0.96993893,Priority collections review,Severe delinquency history,High,967.741935483871,938.6505774193548,0.1239777777777777,3,3,2,1757.0027508990038,1
26641,High Risk,0.96989495,Hardship outreach,Persistent delayed payments,High,645.1612903225806,625.7386774193549,0.3738749999999999,0,2,6,841.3992512475869,1
17403,High Risk,0.9698756,Priority collections review,Severe delinquency history,High,1612.9032258064515,1564.3154838709675,0.1091166666666666,2,3,2,4323.352237172756,1
18278,High Risk,0.9698429,Hardship outreach,Persistent delayed payments,High,5806.451612903225,5631.345870967742,0.2112805555555555,0,2,6,1744.8016219616488,1
16099,High Risk,0.9697277,Hardship outreach,Persistent delayed payments,High,2258.064516129032,2189.707709677419,0.3692571428571429,0,2,6,1174.3915871633278,1
26997,High Risk,0.9695402,Hardship outreach,Persistent delayed payments,High,2580.6451612903224,2502.039225806451,0.8016333333333333,0,2,6,2106.843389212085,1
11037,High Risk,0.96953,Priority collections review,Severe delinquency history,High,645.1612903225806,625.5032258064516,0.9771833333333334,2,3,2,1611.8540463288437,1
26139,High Risk,0.9694635,Hardship outreach,Persistent delayed payments,High,3225.806451612903,3127.3016129032258,0.6003616666666666,0,2,6,2845.1583728619867,1
8773,High Risk,0.9693788,Priority collections review,Severe delinquency history,High,7096.774193548387,6879.462451612903,1.0523121212121211,0,7,6,8025.951374551597,1
22832,High Risk,0.96935254,Priority collections review,Severe delinquency history,High,1612.9032258064515,1563.4718387096773,0.9983,0,3,6,1008.6815156430696,1
27236,High Risk,0.9692591,Hardship outreach,Persistent delayed payments,High,3225.806451612903,3126.6422580645158,0.2312016666666666,2,2,3,1855.603989720508,0
16401,High Risk,0.9691864,Hardship outreach,Persistent delayed payments,High,322.5806451612903,312.6407741935484,1.0533666666666668,0,2,6,524.4298491377723,1
23024,High Risk,0.9690981,Priority collections review,Severe delinquency history,High,2258.064516129032,2188.2860322580646,0.3104785714285714,0,3,6,1468.1639894780146,1
17688,High Risk,0.9690392,Hardship outreach,Persistent delayed payments,High,2258.064516129032,2188.1530322580643,0.7842285714285714,0,2,6,2546.638097570992,1
9493,High Risk,0.96902096,Priority collections review,Severe delinquency history,High,1612.9032258064515,1562.9370322580644,0.9770566666666666,1,5,5,1514.3930027131885,1
26379,High Risk,0.96901816,Hardship outreach,Persistent delayed payments,High,5806.451612903225,5626.557058064515,0.5414351851851852,0,2,6,3119.2862431438807,1
309,High Risk,0.9689069,Priority collections review,Severe delinquency history,High,967.741935483871,937.6518387096775,0.4047944444444444,0,4,6,1888.562142654212,1
5445,High Risk,0.96889997,Priority collections review,Severe delinquency history,High,4516.129032258064,4375.677283870968,1.354179761904762,2,3,4,2816.696605363571,1
21236,High Risk,0.9687872,Hardship outreach,Persistent delayed payments,High,4838.709677419355,4687.68,0.0977366666666666,3,2,3,90807.08580226546,1
7485,High Risk,0.9687715,Hardship outreach,Persistent delayed payments,High,967.741935483871,937.5208064516129,1.1329944444444446,2,2,4,1707.6843287524384,1
2563,High Risk,0.9687386,Hardship outreach,Persistent delayed payments,High,4516.129032258064,4374.948516129032,0.9817916666666666,2,2,3,2808.437602416451,1
7945,High Risk,0.9687108,Hardship outreach,Persistent delayed payments,High,1612.9032258064515,1562.4367741935482,0.1327066666666666,2,2,3,453.4598842970199,1
8324,High Risk,0.9686244,Hardship outreach,Persistent delayed payments,High,645.1612903225806,624.9189677419355,1.0254333333333332,0,2,6,188.85726532666587,1
16701,High Risk,0.9685894,Priority collections review,Severe delinquency history,High,3870.967741935484,3749.3783225806455,0.1371305555555555,3,3,2,4505.519844220717,1
19000,High Risk,0.9685717,Hardship outreach,Persistent delayed payments,High,2258.064516129032,2187.097387096774,1.093254761904762,2,2,4,3243.032988834166,1
9695,High Risk,0.9685434,Priority collections review,Severe delinquency history,High,645.1612903225806,624.8667096774194,0.8793833333333333,0,3,6,1428.8712561552447,1
26235,High Risk,0.9684087,Priority collections review,Severe delinquency history,High,1612.9032258064515,1561.9495161290322,1.0113766666666668,1,4,5,1759.6574003670903,1
9839,High Risk,0.96837515,Hardship outreach,Persistent delayed payments,High,4838.709677419355,4685.686209677419,0.69827,0,2,6,3052.392487869147,1
2462,High Risk,0.9683415,Hardship outreach,Persistent delayed payments,High,967.741935483871,937.1046774193549,0.9661777777777776,0,2,6,1911.4204840031057,1
11969,High Risk,0.9682025,Priority collections review,Severe delinquency history,High,2258.064516129032,2186.2637096774192,0.1286738095238095,2,3,3,412.8338245186151,1
7146,High Risk,0.9681644,Hardship outreach,Persistent delayed payments,High,3225.806451612903,3123.1109677419354,0.2717216666666667,2,2,3,1636.7011231946617,0
1707,High Risk,0.96811134,Hardship outreach,Persistent delayed payments,High,7419.354838709677,7182.761554838709,0.5248036231884058,0,2,6,2118.977434204212,0
16098,High Risk,0.9680944,Priority collections review,Severe delinquency history,High,967.741935483871,936.8655483870969,0.620511111111111,0,4,6,1735.8287549947624,1
6895,High Risk,0.96807164,Hardship outreach,Persistent delayed payments,High,1935.483870967742,1873.6870451612904,0.8189611111111111,0,2,6,1739.8660484838097,1
2168,High Risk,0.9680682,Priority collections review,Severe delinquency history,High,12903.225806451612,12491.20258064516,0.46914875,0,3,6,8452.782423557346,1
8090,High Risk,0.96806765,Hardship outreach,Persistent delayed payments,High,645.1612903225806,624.5597741935483,0.2724333333333333,0,2,6,1850.9291360467223,1
2115,High Risk,0.96805924,Hardship outreach,Persistent delayed payments,High,2258.064516129032,2185.9402193548385,0.1954023809523809,0,2,6,723.1252772975556,1
27140,High Risk,0.9680296,Hardship outreach,Persistent delayed payments,High,6451.612903225806,6245.352258064516,0.3512758333333333,0,2,6,7536.179467519777,1
9414,High Risk,0.96799994,Hardship outreach,Persistent delayed payments,High,3225.806451612903,3122.580451612903,0.9918983333333332,0,2,6,1417.954924060235,1
12163,High Risk,0.96798784,Hardship outreach,Persistent delayed payments,High,3870.967741935484,3747.0497032258068,0.4797902777777778,0,2,6,2346.77399139045,1
2375,High Risk,0.9678711,Priority collections review,Severe delinquency history,High,1612.9032258064515,1561.0824193548385,0.7460400000000001,0,3,6,1268.50226645442,1
29623,High Risk,0.967867,Priority collections review,Severe delinquency history,High,3548.3870967741937,3434.3667741935487,0.3717954545454545,0,3,6,1671.252793565354,1
14884,High Risk,0.96785396,Hardship outreach,Persistent delayed payments,High,645.1612903225806,624.4219096774193,0.6508166666666667,1,2,5,1510.7555284249886,1
20426,High Risk,0.9677165,Hardship outreach,Persistent delayed payments,High,645.1612903225806,624.3332258064515,0.4564833333333333,2,2,3,986.4594602246292,0
6582,High Risk,0.9676943,Priority collections review,Severe delinquency history,High,7741.935483870968,7491.826838709678,0.9042888888888888,0,3,6,4279.763903145437,1
5339,High Risk,0.9676647,Priority collections review,Severe delinquency history,High,645.1612903225806,624.2998064516129,0.0825,0,4,6,0.0,1
10390,High Risk,0.9676647,Priority collections review,Severe delinquency history,High,645.1612903225806,624.2998064516129,0.0825,0,4,6,0.0,1
11511,High Risk,0.9676647,Priority collections review,Severe delinquency history,High,645.1612903225806,624.2998064516129,0.0825,0,4,6,0.0,0
12431,High Risk,0.9676647,Priority collections review,Severe delinquency history,High,645.1612903225806,624.2998064516129,0.0825,0,4,6,0.0,1
12433,High Risk,0.9676647,Priority collections review,Severe delinquency history,High,645.1612903225806,624.2998064516129,0.0825,0,4,6,0.0,0
14295,High Risk,0.9676647,Priority collections review,Severe delinquency history,High,645.1612903225806,624.2998064516129,0.0825,0,4,6,0.0,1
21583,High Risk,0.9676647,Priority collections review,Severe delinquency history,High,645.1612903225806,624.2998064516129,0.0825,0,4,6,0.0,1
29250,High Risk,0.9676647,Priority collections review,Severe delinquency history,High,645.1612903225806,624.2998064516129,0.0825,0,4,6,0.0,1
16178,High Risk,0.9676307,Hardship outreach,Persistent delayed payments,High,1612.9032258064515,1560.6946774193545,0.6012466666666666,0,2,6,1504.102877687117,1
21343,High Risk,0.9675327,Hardship outreach,Persistent delayed payments,High,4838.709677419355,4681.609838709678,0.1064855555555555,0,2,6,929.4437942482948,1
22095,High Risk,0.9675318,Hardship outreach,Persistent delayed payments,High,7419.354838709677,7178.461741935484,0.1577942028985507,0,2,6,1302.769920848139,1
11428,High Risk,0.96737355,Priority collections review,Severe delinquency history,High,3870.967741935484,3744.671806451613,0.9122097222222224,2,3,3,4693.13675132812,1
27731,High Risk,0.9673401,Priority collections review,Severe delinquency history,High,967.741935483871,936.1355806451613,0.3577222222222222,0,3,6,1134.0718966038555,1
29571,High Risk,0.9673126,Hardship outreach,Persistent delayed payments,High,4516.129032258064,4368.508516129032,0.5450333333333334,0,2,6,2778.7147148756862,1
10143,High Risk,0.9673053,Hardship outreach,Persistent delayed payments,High,12903.225806451612,12481.358709677419,0.13125125,0,2,6,2377.848502323056,0
15766,High Risk,0.96722364,Priority collections review,Severe delinquency history,High,967.741935483871,936.0228774193549,0.4545222222222222,0,3,6,3978.740537741393,1
6456,High Risk,0.9671856,Hardship outreach,Persistent delayed payments,High,2580.6451612903224,2495.9628387096773,0.6975354166666667,0,2,6,1726.1945911937817,0
1250,High Risk,0.96715254,Priority collections review,Severe delinquency history,High,11290.322580645161,10919.464161290321,0.0068571428571428,0,7,6,0.0,1
20255,High Risk,0.96715254,Priority collections review,Severe delinquency history,High,11290.322580645161,10919.464161290321,0.0068571428571428,0,7,6,0.0,1
14063,High Risk,0.967138,Priority collections review,Severe delinquency history,High,967.741935483871,935.94,0.4314055555555556,0,3,6,910.3872619202592,1
8574,High Risk,0.9669864,Priority collections review,Severe delinquency history,High,645.1612903225806,623.862193548387,0.5301083333333333,0,3,6,1259.783063335377,1
4263,High Risk,0.9669274,Priority collections review,Severe delinquency history,High,1612.9032258064515,1559.560322580645,0.6903566666666666,3,3,2,2552.5762215194804,1
16730,High Risk,0.9667413,Hardship outreach,Persistent delayed payments,High,1612.9032258064515,1559.2601612903225,0.7066933333333334,0,2,6,1318.8791706091451,1
8857,High Risk,0.9667085,Priority collections review,Severe delinquency history,High,2580.6451612903224,2494.7316129032256,0.49451875,0,3,6,1506.7993562515217,1
9843,High Risk,0.9666716,Hardship outreach,Persistent delayed payments,High,967.741935483871,935.4886451612903,0.9388333333333332,0,2,6,1749.5451980443374,1
25025,High Risk,0.9666513,Hardship outreach,Persistent delayed payments,High,6129.032258064516,5924.637,0.2016263157894736,0,2,6,1510.5144818901936,1
534,High Risk,0.9665877,Priority collections review,Severe delinquency history,High,3225.806451612903,3118.024838709677,0.5944083333333333,2,3,3,3925.400688677102,1
11908,High Risk,0.9665033,Priority collections review,Severe delinquency history,High,4193.548387096774,4053.078354838709,0.1549474358974359,0,3,6,1203.6887332972203,1
4337,High Risk,0.9664196,Priority collections review,Severe delinquency history,High,10645.16129032258,10287.692516129031,1.09690202020202,0,8,6,12069.405083377833,1
29029,High Risk,0.96639544,Priority collections review,Severe delinquency history,High,5161.290322580645,4987.847432258064,0.9116052083333334,2,3,3,13986.84137919161,1
10759,High Risk,0.966267,Hardship outreach,Persistent delayed payments,High,2258.064516129032,2181.8932258064515,0.6599785714285714,0,2,6,1681.369768968147,0
21648,High Risk,0.96624446,Hardship outreach,Persistent delayed payments,High,2258.064516129032,2181.842329032258,0.9884857142857144,0,2,6,1657.8939652462698,1
16455,High Risk,0.9662122,Priority collections review,Severe delinquency history,High,2580.6451612903224,2493.450838709677,0.8399666666666666,0,3,6,2238.3725040007675,1
22879,High Risk,0.9662053,Hardship outreach,Persistent delayed payments,High,9354.838709677419,9038.694741935484,0.7835931034482759,0,2,6,9429.31719691304,1
649,High Risk,0.96610916,Hardship outreach,Persistent delayed payments,High,9032.258064516129,8726.147251612903,0.6849750000000001,0,2,6,6609.407446965272,1
16521,High Risk,0.9660668,Priority collections review,Severe delinquency history,High,645.1612903225806,623.2689032258064,0.7809583333333334,2,3,3,1608.5809170404411,0
9651,High Risk,0.9660294,Priority collections review,Severe delinquency history,High,2258.064516129032,2181.3567096774195,0.9387166666666666,0,3,6,2686.3399946147297,1
24382,High Risk,0.9659959,Hardship outreach,Persistent delayed payments,High,5161.290322580645,4985.78529032258,0.6650677083333333,0,2,6,3287.089376129993,0
7857,High Risk,0.96597266,Priority collections review,Severe delinquency history,High,9677.41935483871,9348.122516129033,1.0282749999999998,0,5,6,4578.575706483403,1
9732,High Risk,0.965924,Hardship outreach,Persistent delayed payments,High,5161.290322580645,4985.414193548387,1.001063541666667,1,2,5,3335.82532016691,1
23864,High Risk,0.9658807,Hardship outreach,Persistent delayed payments,High,1612.9032258064515,1557.8720967741936,0.4683566666666667,0,2,6,1039.6282829293684,1
4741,High Risk,0.96586514,Priority collections review,Severe delinquency history,High,1612.9032258064515,1557.847,0.38318,2,3,3,717.8426011320308,0
8822,High Risk,0.9658649,Priority collections review,Severe delinquency history,High,967.741935483871,934.7079677419355,0.9901833333333332,0,3,6,543.0557061665037,1
23716,High Risk,0.9658512,Priority collections review,Severe delinquency history,High,9032.258064516129,8723.81729032258,0.4674166666666666,0,4,6,3061.979925908507,1
14259,High Risk,0.96583074,Hardship outreach,Persistent delayed payments,High,1612.9032258064515,1557.791516129032,0.1412233333333333,0,2,6,720.2259136317346,1
12319,High Risk,0.96579015,Priority collections review,Severe delinquency history,High,645.1612903225806,623.0904193548387,0.8823833333333333,2,3,3,609.2715869517194,1
23031,High Risk,0.9657746,Hardship outreach,Persistent delayed payments,High,4838.709677419355,4673.102903225807,0.7245611111111111,0,2,6,3396.1193981759043,1
4193,High Risk,0.9657273,Hardship outreach,Persistent delayed payments,High,1612.9032258064515,1557.6246774193546,0.2518566666666667,2,2,3,1142.306686781911,1
7271,High Risk,0.9656812,Hardship outreach,Persistent delayed payments,High,3225.806451612903,3115.1006451612902,0.4037816666666666,0,2,6,1879.7722645753304,1
15034,High Risk,0.9656534,Hardship outreach,Persistent delayed payments,High,5806.451612903225,5607.019741935484,0.6576935185185184,0,2,6,3359.892165928345,1
13314,High Risk,0.9656204,Priority collections review,Severe delinquency history,High,967.741935483871,934.4713548387098,0.9316444444444444,0,3,6,952.4380644780356,1
4125,High Risk,0.9656159,Priority collections review,Severe delinquency history,High,1935.483870967742,1868.934,0.8274888888888889,2,3,2,5346.204959283423,1
9551,High Risk,0.96553093,Hardship outreach,Persistent delayed payments,High,2580.6451612903224,2491.692722580645,0.9428416666666668,0,2,6,1518.7761739857085,0
29287,High Risk,0.9654537,Hardship outreach,Persistent delayed payments,High,6451.612903225806,6228.733548387096,0.0587916666666666,0,2,6,22678.19253526759,1
12967,High Risk,0.9652284,Priority collections review,Severe delinquency history,High,12903.225806451612,12454.56,0.9663254166666664,0,7,6,15855.857888069844,1
13232,High Risk,0.9650795,Priority collections review,Severe delinquency history,High,645.1612903225806,622.631935483871,0.1049999999999999,0,7,6,501.9960159204453,1
25570,High Risk,0.96503085,Priority collections review,Severe delinquency history,High,4193.548387096774,4046.9035645161284,0.1531025641025641,0,3,6,1107.4931452007577,1
10391,High Risk,0.9649017,Hardship outreach,Persistent delayed payments,High,6451.612903225806,6225.1722580645155,0.473595,0,2,6,3785.91294141849,1
27054,High Risk,0.96489054,Hardship outreach,Persistent delayed payments,High,967.741935483871,933.7650387096774,0.8245222222222223,0,2,6,1664.0782032905383,1
7549,High Risk,0.9648386,Hardship outreach,Persistent delayed payments,High,2580.6451612903224,2489.906064516129,0.2913645833333333,2,2,3,1588.7686322012612,0
1572,High Risk,0.9646916,Hardship outreach,Persistent delayed payments,High,4838.709677419355,4667.862580645162,0.0804366666666666,2,2,3,1756.9254679695437,0
11207,High Risk,0.96462107,Priority collections review,Severe delinquency history,High,6451.612903225806,6223.361741935483,0.012215,0,7,6,0.0,1
20903,High Risk,0.96462107,Priority collections review,Severe delinquency history,High,6451.612903225806,6223.361741935483,0.012215,0,7,6,0.0,1
21402,High Risk,0.9645933,Hardship outreach,Persistent delayed payments,High,3870.967741935484,3733.909548387097,0.7076805555555556,0,2,6,3003.6821846970875,1
11994,High Risk,0.9645882,Hardship outreach,Persistent delayed payments,High,3225.806451612903,3111.5748387096774,0.320405,2,2,3,1579.310450798069,0
9910,High Risk,0.9645719,Hardship outreach,Persistent delayed payments,High,1612.9032258064515,1555.761129032258,0.8676366666666667,1,2,5,1463.392553851039,1
20771,High Risk,0.9645323,Priority collections review,Severe delinquency history,High,1612.9032258064515,1555.697258064516,0.97031,0,3,6,3167.114570077944,1
16961,High Risk,0.96452844,Hardship outreach,Persistent delayed payments,High,1612.9032258064515,1555.6910322580645,0.9100266666666664,0,2,6,1886.459399686796,1
28504,High Risk,0.96450937,Hardship outreach,Persistent delayed payments,High,4838.709677419355,4666.9808225806455,0.7409811111111111,0,2,6,5782.816663760547,1
14097,High Risk,0.9644149,Priority collections review,Severe delinquency history,High,645.1612903225806,622.2031612903226,0.6930083333333333,0,3,6,791.3778911914754,1
6541,High Risk,0.9643354,Hardship outreach,Persistent delayed payments,High,1935.483870967742,1866.4556129032258,0.9729388888888888,0,2,6,3122.8806359940604,1
18868,High Risk,0.9643171,Priority collections review,Severe delinquency history,High,5806.451612903225,5599.260580645161,1.0483574074074071,0,8,6,6244.197647950188,1
26652,High Risk,0.9641882,Hardship outreach,Persistent delayed payments,High,322.5806451612903,311.0284516129032,0.8188666666666666,0,2,6,1438.1501544229193,1
28532,High Risk,0.9641781,Hardship outreach,Persistent delayed payments,High,6451.612903225806,6220.503870967742,0.4250958333333334,0,2,6,3051.616385895624,1
2927,High Risk,0.96410996,Hardship outreach,Persistent delayed payments,High,967.741935483871,933.0096387096775,0.8971944444444445,0,2,6,1659.1765929721485,1
5057,High Risk,0.9639164,Hardship outreach,Persistent delayed payments,High,3870.967741935484,3731.2892903225807,0.5543680555555556,0,2,6,2406.5604847305763,1
121,High Risk,0.9637884,Priority collections review,Severe delinquency history,High,1612.9032258064515,1554.4974193548385,0.9674833333333334,0,3,6,2024.2811481280623,1
12370,High Risk,0.96375155,Hardship outreach,Persistent delayed payments,High,645.1612903225806,621.775193548387,0.9483,0,2,6,878.9816835406754,1
21221,High Risk,0.9637019,Hardship outreach,Persistent delayed payments,High,6451.612903225806,6217.431612903225,0.0136033333333333,0,2,6,4163.075145450375,0
17256,High Risk,0.9636726,Priority collections review,Severe delinquency history,High,1935.483870967742,1865.1727741935483,0.3485444444444444,0,3,6,768.9090106551403,1
16305,High Risk,0.96362585,Priority collections review,Severe delinquency history,High,967.741935483871,932.5411451612904,0.8697833333333334,2,4,3,3759.139090270537,1
11661,High Risk,0.96342367,Priority collections review,Severe delinquency history,High,2580.6451612903224,2486.2546322580642,0.1787125,2,3,2,936.9429011417932,1
5572,High Risk,0.963375,Hardship outreach,Persistent delayed payments,High,3225.806451612903,3107.6612903225805,0.3123616666666666,0,2,6,1112.409172322247,1
5243,High Risk,0.96333075,Hardship outreach,Persistent delayed payments,High,645.1612903225806,621.5037096774194,0.2872916666666666,0,2,6,645.3998502220671,1
25511,High Risk,0.963201,Priority collections review,Severe delinquency history,High,3225.806451612903,3107.0999999999995,0.8480833333333334,0,3,6,4175.030522842518,1
27748,High Risk,0.96317255,Hardship outreach,Persistent delayed payments,High,1290.3225806451612,1242.8032903225806,0.8824041666666668,1,2,5,928.4971549049932,1
19856,High Risk,0.96303415,Credit line review,Utilization above approved limit,High,2258.064516129032,2174.593241935484,1.0209261904761906,3,2,2,1793.2227320293114,1
11590,High Risk,0.9629164,Hardship outreach,Persistent delayed payments,High,967.741935483871,931.8545806451613,0.6519388888888888,0,2,6,1711.3038791128438,1
21914,High Risk,0.9628702,Hardship outreach,Persistent delayed payments,High,967.741935483871,931.809870967742,0.4169,0,2,6,812.0785676275418,1
1134,High Risk,0.96284056,Hardship outreach,Persistent delayed payments,High,1612.9032258064515,1552.9686451612902,0.8512133333333334,2,2,3,6348.718285344426,0
18020,High Risk,0.9628303,Priority collections review,Severe delinquency history,High,4193.548387096774,4037.675451612903,0.969726923076923,0,3,6,6522.793351011513,1
4020,High Risk,0.9628228,Hardship outreach,Persistent delayed payments,High,967.741935483871,931.764,0.9389666666666666,0,2,6,873.0974745124395,1
29339,High Risk,0.9627906,Priority collections review,Severe delinquency history,High,967.741935483871,931.7328387096775,1.0388555555555556,1,6,5,1510.8315149832777,1
7988,High Risk,0.9627398,Hardship outreach,Persistent delayed payments,High,1935.483870967742,1863.3673548387098,0.483611111111111,0,2,6,1613.609205063812,1
8296,High Risk,0.9626921,Hardship outreach,Persistent delayed payments,High,3225.806451612903,3105.458387096774,0.7777266666666667,0,2,6,2742.329058786831,1
23646,High Risk,0.9626815,Hardship outreach,Persistent delayed payments,High,7741.935483870968,7453.018064516129,0.4666527777777777,0,2,6,3139.6876065409224,1
14719,High Risk,0.9626034,Hardship outreach,Persistent delayed payments,High,6451.612903225806,6210.344516129032,0.4809791666666667,2,2,3,3613.5568857659714,0
23971,High Risk,0.962569,Credit line review,Utilization above approved limit,High,1612.9032258064515,1552.5306451612903,1.02667,4,2,1,15705.733370333268,0
14085,High Risk,0.96252084,Hardship outreach,Persistent delayed payments,High,6451.612903225806,6209.811870967742,0.3937741666666667,0,2,6,2217.967936347743,1
13606,High Risk,0.9625088,Priority collections review,Severe delinquency history,High,1612.9032258064515,1552.4335483870968,0.7033200000000001,0,3,6,1344.998884757902,1
29116,High Risk,0.96241295,Priority collections review,Severe delinquency history,High,645.1612903225806,620.9115806451613,0.5539999999999999,0,4,6,1327.5481158888367,1
29155,High Risk,0.9623834,Priority collections review,Severe delinquency history,High,4516.129032258064,4346.247612903226,0.0052380952380952,0,3,6,449.0731195102493,1
15899,High Risk,0.9623255,Priority collections review,Severe delinquency history,High,3548.3870967741937,3414.703387096774,0.8653166666666667,1,4,5,2152.566599821401,1
6637,High Risk,0.9623041,Hardship outreach,Persistent delayed payments,High,2580.6451612903224,2483.3654193548387,0.7479062499999999,0,2,6,2331.853576020587,1
15856,High Risk,0.96218526,Hardship outreach,Persistent delayed payments,High,4838.709677419355,4655.735129032259,0.7877466666666666,0,2,6,3610.992938237349,1
8178,High Risk,0.96218425,Priority collections review,Severe delinquency history,High,2258.064516129032,2172.6741129032257,0.5247309523809524,0,6,6,3790.267242117192,1
13441,High Risk,0.96200734,Hardship outreach,Persistent delayed payments,High,1290.3225806451612,1241.299793548387,0.870875,0,2,6,1453.607787541055,1
8524,High Risk,0.9619089,Priority collections review,Severe delinquency history,High,1290.3225806451612,1241.1727741935483,0.1665166666666666,0,3,6,649.319541263519,1
7475,High Risk,0.9617198,Hardship outreach,Persistent delayed payments,High,645.1612903225806,620.4643870967742,1.0130916666666667,3,2,3,253.25119282377852,1
12623,High Risk,0.96169084,Hardship outreach,Persistent delayed payments,High,5483.870967741936,5273.788477419355,0.8587931372549019,2,2,3,7807.218542263734,1
12674,High Risk,0.96161336,Hardship outreach,Persistent delayed payments,High,13870.967741935483,13338.507896774192,0.7006875968992249,0,2,6,10533.49016549912,1
23149,High Risk,0.96160847,Credit line review,Utilization above approved limit,High,3225.806451612903,3101.962806451613,1.206015,5,2,1,65927.56017857783,1
20921,High Risk,0.96159536,Hardship outreach,Persistent delayed payments,High,16129.032258064515,15509.60258064516,0.1700563333333333,2,2,3,53017.72535828623,1
1045,High Risk,0.9614977,Hardship outreach,Persistent delayed payments,High,645.1612903225806,620.3210967741935,0.9777083333333332,0,2,6,1671.2179291363132,1
23650,High Risk,0.9613839,Hardship outreach,Persistent delayed payments,High,645.1612903225806,620.2476774193548,0.4752916666666666,2,2,3,1029.2361083185272,0
25835,High Risk,0.961345,Hardship outreach,Persistent delayed payments,High,1612.9032258064515,1550.5564516129032,0.7782566666666667,0,2,6,8297.586936372927,1
9484,High Risk,0.9613335,Hardship outreach,Persistent delayed payments,High,2258.064516129032,2170.7530645161287,1.004952380952381,0,2,6,1510.5095387539486,1
10975,High Risk,0.9613331,Hardship outreach,Persistent delayed payments,High,967.741935483871,930.3223548387098,0.8237944444444443,0,2,6,1412.5554738369276,0
2087,High Risk,0.96132195,Hardship outreach,Persistent delayed payments,High,3548.3870967741937,3411.1424032258064,0.5500333333333334,0,2,6,4735.701370089405,1
2325,High Risk,0.9612831,Priority collections review,Severe delinquency history,High,6451.612903225806,6201.826451612902,0.9015583333333334,0,7,6,16531.74259014054,1
18626,High Risk,0.9609568,Hardship outreach,Persistent delayed payments,High,1612.9032258064515,1549.9303225806452,0.65871,0,2,6,1070.646300138379,1
1524,High Risk,0.96089613,Hardship outreach,Persistent delayed payments,High,967.741935483871,929.8994806451612,1.053211111111111,0,2,6,5726.829058621068,1
17635,High Risk,0.96084934,Priority collections review,Severe delinquency history,High,2580.6451612903224,2479.6112,0.7704875000000001,0,4,6,3471.997407833134,1
28062,High Risk,0.9607237,Hardship outreach,Persistent delayed payments,High,4516.129032258064,4338.7521935483865,0.2118047619047619,0,2,6,4253.890909116813,1
5399,High Risk,0.960694,Hardship outreach,Persistent delayed payments,High,1612.9032258064515,1549.5064516129032,0.2815766666666666,2,2,3,680.6169015434944,1
20758,High Risk,0.96065867,Priority collections review,Severe delinquency history,High,645.1612903225806,619.7797870967742,0.9074916666666666,2,3,3,1571.5221177783872,1
3729,High Risk,0.9605663,Credit line review,Utilization above approved limit,High,3548.3870967741937,3408.461064516129,1.0081772727272726,3,2,2,2534.0953218061863,1
26507,High Risk,0.9605447,Hardship outreach,Persistent delayed payments,High,3225.806451612903,3098.5312903225804,0.4448266666666666,0,2,6,2292.87057346608,1
25875,High Risk,0.9603639,Hardship outreach,Persistent delayed payments,High,5483.870967741936,5266.51170967742,0.8050147058823529,0,2,6,5301.142056198834,1
13811,High Risk,0.96031576,Hardship outreach,Persistent delayed payments,High,1290.3225806451612,1239.1171096774192,0.3240708333333333,0,2,6,1176.7958899769606,0
25798,High Risk,0.9603103,Hardship outreach,Persistent delayed payments,High,3225.806451612903,3097.775161290322,0.39523,0,2,6,1778.266121816417,1
28604,High Risk,0.960203,Hardship outreach,Persistent delayed payments,High,3548.3870967741937,3407.171935483871,0.3722878787878788,0,2,6,1611.310108783119,1
7119,High Risk,0.96016693,Hardship outreach,Persistent delayed payments,High,4193.548387096774,4026.5064806451605,0.9922641025641028,1,2,5,2459.7559770568027,1
12751,High Risk,0.9601294,Priority collections review,Severe delinquency history,High,645.1612903225806,619.4383225806451,0.7995083333333333,3,3,2,2228.1074854384083,1
7491,High Risk,0.96008235,Hardship outreach,Persistent delayed payments,High,645.1612903225806,619.4079677419354,0.96095,1,2,5,956.3367607699706,1
11705,High Risk,0.9600489,Priority collections review,Severe delinquency history,High,967.741935483871,929.0795806451613,0.8453499999999999,2,4,2,3953.458169754677,1
13080,High Risk,0.9600312,Hardship outreach,Persistent delayed payments,High,1612.9032258064515,1548.4374193548385,0.73493,2,2,3,4889.769841209298,1
1337,High Risk,0.9599904,Priority collections review,Severe delinquency history,High,2258.064516129032,2167.720258064516,0.6521476190476191,0,3,6,2057.8735302896207,1
17005,High Risk,0.95994157,Priority collections review,Severe delinquency history,High,1612.9032258064515,1548.2928548387097,0.3987733333333332,0,3,6,1646.4357462915664,0
17999,High Risk,0.95991313,Credit line review,Utilization above approved limit,High,2580.6451612903224,2477.195174193548,1.1224229166666666,5,2,1,130431.88687190977,0
29846,High Risk,0.9598403,Priority collections review,Severe delinquency history,High,322.5806451612903,309.62590322580644,0.3695166666666667,3,3,2,3240.722908035593,1
18199,High Risk,0.95978826,Priority collections review,Severe delinquency history,High,645.1612903225806,619.2182322580644,0.5321166666666666,0,3,6,1223.0039520241407,1
15773,High Risk,0.95976555,Credit line review,Utilization above approved limit,High,967.741935483871,928.805370967742,1.020438888888889,2,2,2,339.8490351121607,1
24230,High Risk,0.959676,Hardship outreach,Persistent delayed payments,High,6451.612903225806,6191.458064516129,0.4571041666666666,0,2,6,3737.51181492001,1
25159,High Risk,0.9596069,Hardship outreach,Persistent delayed payments,High,967.741935483871,928.6518387096775,0.1568833333333333,1,2,3,8850.69917577137,1
2466,High Risk,0.9595387,Priority collections review,Severe delinquency history,High,3225.806451612903,3095.2861290322576,1.3145383333333334,3,4,3,29012.23955103547,1
22125,High Risk,0.9595215,Priority collections review,Severe delinquency history,High,2580.6451612903224,2476.184516129032,0.5934291666666667,0,3,6,2384.3153035340497,1
14472,High Risk,0.9594916,Hardship outreach,Persistent delayed payments,High,3548.3870967741937,3404.6476129032258,0.8170575757575759,0,2,6,2598.1724089572394,1
17559,High Risk,0.9593863,Hardship outreach,Persistent delayed payments,High,967.741935483871,928.4383548387098,0.5368888888888889,0,2,6,1936.963775259276,0
3902,High Risk,0.9593629,Hardship outreach,Persistent delayed payments,High,1612.9032258064515,1547.359516129032,0.2015333333333333,0,2,6,1140.2302691415744,1
14861,High Risk,0.9593607,Priority collections review,Severe delinquency history,High,2580.6451612903224,2475.7695483870966,0.9747145833333332,1,3,5,1917.2829125266485,0
15559,High Risk,0.95921963,Hardship outreach,Persistent delayed payments,High,1935.483870967742,1856.554122580645,0.8570527777777777,2,2,3,4526.200853548886,1
5136,High Risk,0.9591204,Hardship outreach,Persistent delayed payments,High,5806.451612903225,5569.086193548386,0.4439398148148148,0,2,6,4319.142295255699,1
17432,High Risk,0.9591024,Priority collections review,Severe delinquency history,High,645.1612903225806,618.7757419354839,0.3886416666666666,1,3,5,1355.7308607045377,1
14018,High Risk,0.95908576,Priority collections review,Severe delinquency history,High,1612.9032258064515,1546.9125161290322,0.5803433333333333,0,4,6,1820.0736706701373,1
25879,High Risk,0.95905846,Hardship outreach,Persistent delayed payments,High,6451.612903225806,6187.47393548387,0.3710724999999999,0,2,6,2527.6976678392534,1
13445,High Risk,0.95889807,Hardship outreach,Persistent delayed payments,High,10322.58064516129,9898.302658064516,0.6788656249999999,0,2,6,8169.406881775445,1
676,High Risk,0.9587617,Hardship outreach,Persistent delayed payments,High,2903.2258064516127,2783.5017096774195,0.4627814814814814,0,2,6,17365.394192665673,1
13718,High Risk,0.95866704,Hardship outreach,Persistent delayed payments,High,2258.064516129032,2164.7320258064515,0.8403499999999999,0,2,6,1904.3998267170684,1
27550,High Risk,0.95862794,Hardship outreach,Persistent delayed payments,High,967.741935483871,927.7044580645161,0.6929333333333334,0,2,6,1843.479753075688,1
7611,High Risk,0.95861685,Hardship outreach,Persistent delayed payments,High,2258.064516129032,2164.618693548387,0.9157380952380952,1,2,3,5256.260787543429,0
27157,High Risk,0.9584942,Priority collections review,Severe delinquency history,High,967.741935483871,927.5750322580645,1.0463611111111113,0,7,6,1894.2244235218448,1
25870,High Risk,0.9584565,Priority collections review,Severe delinquency history,High,16451.612903225807,15768.155322580646,0.8959950980392156,0,8,6,15337.041601951792,1
29478,High Risk,0.9583864,Priority collections review,Severe delinquency history,High,1612.9032258064515,1545.784516129032,0.3972233333333333,0,3,6,3471.218657282578,1
12156,High Risk,0.958375,Priority collections review,Severe delinquency history,High,1612.9032258064515,1545.7661290322578,0.0157133333333333,4,3,2,565.4667688438169,1
21053,High Risk,0.9583151,Hardship outreach,Persistent delayed payments,High,2258.064516129032,2163.937322580645,0.901345238095238,0,2,6,1871.956454265608,1
24874,High Risk,0.9581675,Hardship outreach,Persistent delayed payments,High,2258.064516129032,2163.6040322580643,0.4661095238095238,0,2,6,2082.0084213726577,1
6894,High Risk,0.9580444,Priority collections review,Severe delinquency history,High,11935.483870967742,11434.723483870968,0.9145756756756755,3,4,3,47432.45991512563,1
19650,High Risk,0.9579456,Hardship outreach,Persistent delayed payments,High,5806.451612903225,5562.264774193548,0.6846981481481481,0,2,6,4714.6086440622685,1
20993,High Risk,0.9579266,Hardship outreach,Persistent delayed payments,High,14838.709677419354,14214.394709677417,0.6413931159420291,0,2,6,7916.280071262428,1
29525,High Risk,0.95784664,Hardship outreach,Persistent delayed payments,High,967.741935483871,926.9483612903225,0.862777777777778,0,2,6,1590.5613684063455,1
2489,High Risk,0.95781875,Hardship outreach,Persistent delayed payments,High,3548.3870967741937,3398.7116935483873,1.0012515151515151,1,2,5,1814.642186952201,1
17974,High Risk,0.957772,Priority collections review,Severe delinquency history,High,967.741935483871,926.8761290322581,0.7624055555555556,0,4,6,1633.2515319651982,1
15586,High Risk,0.9577505,Hardship outreach,Persistent delayed payments,High,16129.032258064515,15447.588709677417,0.1527443333333333,0,2,6,3597.1934291425955,1
9111,High Risk,0.95768195,Hardship outreach,Persistent delayed payments,High,12258.064516129032,11739.327129032257,0.241448245614035,0,2,6,3438.907016286812,1
6380,High Risk,0.9576779,Hardship outreach,Persistent delayed payments,High,2258.064516129032,2162.4984838709674,0.4110928571428571,2,2,3,1828.492466487079,1
15930,High Risk,0.957647,Hardship outreach,Persistent delayed payments,High,1935.483870967742,1853.5103225806452,0.3722166666666667,0,2,6,1112.2408012656254,1
15673,High Risk,0.95764464,Hardship outreach,Persistent delayed payments,High,967.741935483871,926.752877419355,0.4104666666666667,0,2,6,1042.428127018837,1
22831,High Risk,0.9575352,Priority collections review,Severe delinquency history,High,1612.9032258064515,1544.4116129032257,0.42204,0,3,6,1393.966283666861,1
10460,High Risk,0.9574694,Hardship outreach,Persistent delayed payments,High,1612.9032258064515,1544.3054838709677,0.9257066666666668,0,2,6,1475.468558345676,1
6493,High Risk,0.9574666,Priority collections review,Severe delinquency history,High,967.741935483871,926.5805806451613,0.9895388888888887,0,3,6,887.0202741012556,1
27072,High Risk,0.9574608,Priority collections review,Severe delinquency history,High,3548.3870967741937,3397.441548387097,0.0038636363636363,0,3,6,61.237243569579455,1
16690,High Risk,0.9574101,Hardship outreach,Persistent delayed payments,High,8387.096774193547,8029.891161290322,0.3330878205128205,0,2,6,2764.5596695797085,1
25260,High Risk,0.9573473,Hardship outreach,Persistent delayed payments,High,1612.9032258064515,1544.1085483870966,0.8644000000000002,0,2,6,2496.4096618944577,1
17922,High Risk,0.9573384,Priority collections review,Severe delinquency history,High,3225.806451612903,3088.188387096774,0.8679233333333333,0,3,6,3963.826215497681,1
25585,High Risk,0.9572745,Priority collections review,Severe delinquency history,High,967.741935483871,926.3946774193548,0.8674722222222221,0,3,6,864.5328025394217,1
25049,High Risk,0.9572532,Priority collections review,Severe delinquency history,High,3225.806451612903,3087.9135483870964,0.5933349999999998,4,5,2,14793.308470386197,1
7248,High Risk,0.9572212,Priority collections review,Severe delinquency history,High,645.1612903225806,617.562064516129,0.8990999999999999,0,4,6,2133.0887463957047,1
6751,High Risk,0.9571228,Priority collections review,Severe delinquency history,High,967.741935483871,926.247870967742,0.7982611111111112,0,3,6,994.1012859194312,1
22621,High Risk,0.9570886,Priority collections review,Severe delinquency history,High,645.1612903225806,617.4765161290322,1.4234416666666665,0,4,6,2885.0673764518338,1
19698,High Risk,0.9569994,Hardship outreach,Persistent delayed payments,High,3870.967741935484,3704.5138064516127,0.5551902777777777,0,2,6,1972.3660326284944,1
3288,High Risk,0.95696396,Priority collections review,Severe delinquency history,High,967.741935483871,926.0941548387096,0.4465777777777778,0,3,6,991.2316917182716,1
29053,High Risk,0.9569594,Priority collections review,Severe delinquency history,High,322.5806451612903,308.6965806451613,0.8363499999999999,1,4,5,223.10602860523517,1
27613,High Risk,0.95689887,Hardship outreach,Persistent delayed payments,High,1612.9032258064515,1543.3852741935482,0.7160199999999999,0,2,6,1578.2069572777837,1
29897,High Risk,0.9567514,Hardship outreach,Persistent delayed payments,High,2258.064516129032,2160.4063870967743,1.0030785714285717,0,2,6,1713.2855862348226,1
23624,High Risk,0.9566664,Hardship outreach,Persistent delayed payments,High,2580.6451612903224,2468.816516129032,0.0347375,1,2,3,3637.957393923134,1
2269,High Risk,0.9566028,Hardship outreach,Persistent delayed payments,High,967.741935483871,925.7446451612904,0.5461611111111112,1,2,5,1318.7380963127844,1
20992,High Risk,0.9565442,Hardship outreach,Persistent delayed payments,High,6774.193548387097,6479.815548387096,0.3842761904761905,0,2,6,52610.67331635283,1
4894,High Risk,0.95641893,Priority collections review,Severe delinquency history,High,5161.290322580645,4936.355767741935,0.7109833333333334,0,3,6,3923.644870100589,1
3999,High Risk,0.9563086,Hardship outreach,Persistent delayed payments,High,645.1612903225806,616.9732903225806,0.6146583333333333,0,2,6,1271.6114841674978,1
13952,High Risk,0.95608515,Hardship outreach,Persistent delayed payments,High,4193.548387096774,4009.3893387096773,0.9904833333333332,1,2,5,2331.8861393015454,1
18962,High Risk,0.95604503,Hardship outreach,Persistent delayed payments,High,3225.806451612903,3084.016225806451,0.6674666666666668,0,2,6,2301.1445557953693,0
16377,High Risk,0.9559277,Priority collections review,Severe delinquency history,High,967.741935483871,925.0913225806452,0.4009944444444444,0,3,6,822.7642230108615,1
837,High Risk,0.95590943,Hardship outreach,Persistent delayed payments,High,2580.6451612903224,2466.86304516129,0.3044770833333333,0,2,6,927.8145109161997,0
10184,High Risk,0.9558935,Hardship outreach,Persistent delayed payments,High,967.741935483871,925.0582258064516,0.8630999999999999,2,2,3,2372.441948710232,1
17802,High Risk,0.9558383,Hardship outreach,Persistent delayed payments,High,967.741935483871,925.0048064516129,0.9664388888888888,0,2,6,1244.8803021442127,1
20438,High Risk,0.95581675,Priority collections review,Severe delinquency history,High,967.741935483871,924.9839516129032,0.9255833333333332,0,3,6,2040.9400530147864,1
5725,High Risk,0.95577383,Hardship outreach,Persistent delayed payments,High,1612.9032258064515,1541.570693548387,0.9766633333333332,0,2,6,1858.3278953582617,1
24165,High Risk,0.9557148,Hardship outreach,Persistent delayed payments,High,3548.3870967741937,3391.246064516129,1.011010606060606,1,2,5,2510.274679525463,1
29501,High Risk,0.9555419,Priority collections review,Severe delinquency history,High,322.5806451612903,308.23932258064514,0.8442166666666666,0,3,6,1816.888595007043,1
8203,High Risk,0.95540524,Hardship outreach,Persistent delayed payments,High,4193.548387096774,4006.538103225806,0.8023064102564103,0,2,6,3229.20289958167,0
21463,High Risk,0.955391,Hardship outreach,Persistent delayed payments,High,967.741935483871,924.571935483871,0.7207500000000001,1,2,5,1511.526215452448,1
2293,High Risk,0.9553819,Priority collections review,Severe delinquency history,High,2580.6451612903224,2465.5016774193546,0.9089395833333334,0,3,6,2867.296595517573,1
7292,High Risk,0.95537466,Hardship outreach,Persistent delayed payments,High,4838.709677419355,4622.780612903226,0.8341844444444444,2,2,3,7762.122072388883,1
10070,High Risk,0.95532113,Credit line review,Utilization above approved limit,High,4193.548387096774,4006.185383870967,1.0299884615384616,3,2,2,4732.295922699678,1
27150,High Risk,0.9552809,Hardship outreach,Persistent delayed payments,High,3225.806451612903,3081.5512903225804,0.348865,2,2,3,1683.5342289362577,1
12877,High Risk,0.95525867,Priority collections review,Severe delinquency history,High,645.1612903225806,616.2959161290322,1.0927416666666667,0,6,6,1689.4472962086347,1
8431,High Risk,0.9551816,Priority collections review,Severe delinquency history,High,5806.451612903225,5546.2157419354835,0.0133333333333333,0,7,6,0.0,0
10804,High Risk,0.9550616,Hardship outreach,Persistent delayed payments,High,3225.806451612903,3080.8438709677416,0.7141883333333334,0,2,6,3095.823406893014,1
3024,High Risk,0.9550391,Hardship outreach,Persistent delayed payments,High,3225.806451612903,3080.7712903225806,0.5779516666666668,0,2,6,3550.861214785318,1
8468,High Risk,0.954877,Hardship outreach,Persistent delayed payments,High,4516.129032258064,4312.347741935484,0.4883369047619048,0,2,6,4831.315407491697,1
11240,High Risk,0.9547581,Priority collections review,Severe delinquency history,High,5806.451612903225,5543.756709677419,0.7162712962962964,2,3,3,2588.671428873635,0
2257,High Risk,0.95468986,Hardship outreach,Persistent delayed payments,High,967.741935483871,923.8934129032258,0.50425,0,2,6,816.7003734540593,1
29849,High Risk,0.9546427,Hardship outreach,Persistent delayed payments,High,3225.806451612903,3079.492580645161,0.8346366666666666,0,2,6,2579.716547736721,1
5813,High Risk,0.95459634,Hardship outreach,Persistent delayed payments,High,6129.032258064516,5850.751761290323,0.5885307017543859,0,2,6,3191.547237104077,1
7278,High Risk,0.9544773,Hardship outreach,Persistent delayed payments,High,4838.709677419355,4618.4385483870965,0.12033,2,2,3,10669.902037975791,1
20374,High Risk,0.9543,Hardship outreach,Persistent delayed payments,High,322.5806451612903,307.83870967741933,0.8124333333333333,2,2,4,969.1036408283,1
29504,High Risk,0.95424265,Hardship outreach,Persistent delayed payments,High,1935.483870967742,1846.921258064516,0.5276055555555555,0,2,6,2991.427663619274,1
17009,High Risk,0.95413524,Hardship outreach,Persistent delayed payments,High,1612.9032258064515,1538.927806451613,1.0042166666666663,0,2,6,1359.5283618471028,0
6557,High Risk,0.954119,Priority collections review,Severe delinquency history,High,645.1612903225806,615.5606451612903,1.0669583333333332,0,3,6,8556.235396870907,1
6374,High Risk,0.95411384,Priority collections review,Severe delinquency history,High,3225.806451612903,3077.786580645161,0.992005,1,5,5,2855.7725224534256,1
13401,High Risk,0.95405555,Hardship outreach,Persistent delayed payments,High,1612.9032258064515,1538.7992741935482,0.9489333333333332,0,2,6,1200.941408506954,1
7667,High Risk,0.95387125,Priority collections review,Severe delinquency history,High,645.1612903225806,615.4008064516129,1.2541,3,4,3,6152.880431147675,1
18438,High Risk,0.9538527,Hardship outreach,Persistent delayed payments,High,967.741935483871,923.0832580645161,0.4551,0,2,6,1335.1008950637402,1
15940,High Risk,0.9537916,Priority collections review,Severe delinquency history,High,967.741935483871,923.0241290322581,0.9218555555555557,2,3,3,924.648617944496,1
105,High Risk,0.9537176,Hardship outreach,Persistent delayed payments,High,1935.483870967742,1845.9050322580647,0.9501055555555556,1,2,5,2176.291861554113,0
4631,High Risk,0.9535778,Hardship outreach,Persistent delayed payments,High,3225.806451612903,3076.0574193548387,0.6267,0,2,6,3787.32538871431,1
25147,High Risk,0.9535515,Hardship outreach,Persistent delayed payments,High,16129.032258064515,15379.862903225805,1.0424966666666666,3,2,3,9067.43098494092,1
28058,High Risk,0.953526,Hardship outreach,Persistent delayed payments,High,1612.9032258064515,1537.9451612903224,0.6033333333333333,0,2,6,5533.194833608037,1
16053,High Risk,0.95338166,Hardship outreach,Persistent delayed payments,High,967.741935483871,922.6274129032258,0.9927666666666668,1,2,5,881.7759352579317,1
20987,High Risk,0.95336825,Hardship outreach,Persistent delayed payments,High,967.741935483871,922.614435483871,0.5690277777777778,0,2,6,1505.1154662239926,1
16603,High Risk,0.95322424,Priority collections review,Severe delinquency history,High,2580.6451612903224,2459.933522580645,0.9199770833333332,2,4,2,5969.111539137685,1
17919,High Risk,0.95313305,Hardship outreach,Persistent delayed payments,High,3870.967741935484,3689.547290322581,0.7562097222222222,0,2,6,2725.459551464058,1
8225,High Risk,0.95305175,Hardship outreach,Persistent delayed payments,High,967.741935483871,922.3081451612903,0.960211111111111,1,2,5,536.5391566947063,0
15476,High Risk,0.952991,Hardship outreach,Persistent delayed payments,High,1612.9032258064515,1537.082258064516,0.52097,2,2,4,28540.050495750704,1
15063,High Risk,0.9529081,Hardship outreach,Persistent delayed payments,High,3225.806451612903,3073.8970967741934,0.7101683333333334,0,2,6,2369.1466325803194,1
11073,High Risk,0.9528698,Priority collections review,Severe delinquency history,High,2580.6451612903224,2459.0188387096773,0.7912291666666667,4,3,1,6631.39248323206,1
23100,High Risk,0.95263666,Hardship outreach,Persistent delayed payments,High,1935.483870967742,1843.8128903225806,0.9192138888888888,0,2,6,22099.46643171881,1
5722,High Risk,0.9525955,Hardship outreach,Persistent delayed payments,High,967.741935483871,921.8666129032258,0.4701722222222222,0,2,6,689.9743231937451,1
6783,High Risk,0.95253706,Hardship outreach,Persistent delayed payments,High,16129.032258064515,15363.500967741935,0.1147559999999999,2,1,4,7516.930197893286,0
20676,High Risk,0.95242846,Priority collections review,Severe delinquency history,High,645.1612903225806,614.4699741935484,0.6206583333333333,2,3,4,1046.3080648961216,1
20856,High Risk,0.9523531,Priority collections review,Severe delinquency history,High,2580.6451612903224,2457.6854193548384,0.4444083333333333,4,3,1,16129.249153840568,1
1647,High Risk,0.9522551,Hardship outreach,Persistent delayed payments,High,1612.9032258064515,1535.8953225806451,0.7837066666666667,0,2,6,2732.8055669342207,1
15120,High Risk,0.95217925,Hardship outreach,Persistent delayed payments,High,645.1612903225806,614.309193548387,0.5564250000000001,1,2,5,1210.0417761383285,1
4405,High Risk,0.95212394,Priority collections review,Severe delinquency history,High,3225.806451612903,3071.3675483870966,0.578865,0,4,6,3078.566988064414,1
6727,High Risk,0.95211387,Hardship outreach,Persistent delayed payments,High,5161.290322580645,4914.136103225806,0.4797854166666666,0,2,6,3710.6725895269537,1
11717,High Risk,0.9519433,Hardship outreach,Persistent delayed payments,High,3225.806451612903,3070.7848387096774,0.5819449999999999,0,2,6,2533.543980277429,1
18659,High Risk,0.9518438,Priority collections review,Severe delinquency history,High,1290.3225806451612,1228.1855483870968,0.827875,0,3,6,1288.3485553218895,0
22567,High Risk,0.95181715,Hardship outreach,Persistent delayed payments,High,3870.967741935484,3684.453483870968,0.603675,0,2,6,2705.0992588073364,0
20283,High Risk,0.9517673,Hardship outreach,Persistent delayed payments,High,1612.9032258064515,1535.1085483870966,0.8152133333333335,0,2,6,1567.2643257174798,1
1153,High Risk,0.9517045,Hardship outreach,Persistent delayed payments,High,5806.451612903225,5526.026129032258,0.2933574074074074,0,2,6,1686.486841533804,1
17101,High Risk,0.9516613,Priority collections review,Severe delinquency history,High,1935.483870967742,1841.9250967741937,0.0025,1,3,5,0.0,1
26716,High Risk,0.95151204,Hardship outreach,Persistent delayed payments,High,2580.6451612903224,2455.514941935484,0.8487666666666667,0,2,6,2529.314900653271,1
11626,High Risk,0.9514467,Hardship outreach,Persistent delayed payments,High,4516.129032258064,4296.856064516129,0.0987535714285714,0,2,6,648.0548587889763,1
16823,High Risk,0.9513219,Hardship outreach,Persistent delayed payments,High,645.1612903225806,613.7560645161291,0.5497583333333333,0,2,6,1230.0686837191924,0
18034,High Risk,0.95131284,Hardship outreach,Persistent delayed payments,High,9032.258064516129,8592.503070967743,0.7473583333333332,0,2,6,6334.600971384597,1
5747,High Risk,0.9512429,Hardship outreach,Persistent delayed payments,High,3870.967741935484,3682.2305806451614,0.6725555555555557,0,2,6,2702.029952955123,1
7135,High Risk,0.95122,Priority collections review,Severe delinquency history,High,1935.483870967742,1841.0709677419354,0.671461111111111,0,4,6,2141.7200252756347,1
14709,High Risk,0.95118153,Hardship outreach,Persistent delayed payments,High,2580.6451612903224,2454.662012903226,0.7494999999999999,0,2,6,2242.3577769838603,0
27217,High Risk,0.9511575,Hardship outreach,Persistent delayed payments,High,4193.548387096774,3988.7249999999995,0.5491628205128205,0,2,6,2772.508785678896,1
3590,High Risk,0.95106554,Priority collections review,Severe delinquency history,High,2258.064516129032,2147.567348387097,0.7331500000000001,0,3,6,2114.0081125672154,1
7830,High Risk,0.95083386,Hardship outreach,Persistent delayed payments,High,4516.129032258064,4294.0884,0.5388892857142857,0,2,6,1903.2745203989884,1
26501,High Risk,0.950798,Hardship outreach,Persistent delayed payments,High,967.741935483871,920.1270967741935,0.8549277777777777,2,2,4,1612.5885298694973,1
4218,High Risk,0.95064193,Hardship outreach,Persistent delayed payments,High,1612.9032258064515,1533.2934354838708,0.8515266666666665,0,2,6,3233.2796765307303,1
20141,High Risk,0.95061326,Hardship outreach,Persistent delayed payments,High,1612.9032258064515,1533.247193548387,0.2143333333333333,0,2,6,1574.0980486191663,1
27155,High Risk,0.95050967,Priority collections review,Severe delinquency history,High,645.1612903225806,613.2320451612903,0.9014,0,4,6,2169.7749192024503,1
25646,High Risk,0.9503539,Hardship outreach,Persistent delayed payments,High,1290.3225806451612,1226.2630967741934,0.9497166666666668,0,2,6,1922.6820503314289,1
14341,High Risk,0.9502941,Hardship outreach,Persistent delayed payments,High,967.741935483871,919.6394516129033,0.7186166666666667,0,2,6,1355.580134112329,0
18352,High Risk,0.9501574,Priority collections review,Severe delinquency history,High,645.1612903225806,613.0047741935484,0.4262999999999999,2,4,4,863.6138025761284,1
1429,High Risk,0.95000446,Hardship outreach,Persistent delayed payments,High,6774.193548387097,6435.514083870968,0.3796865079365079,0,2,6,2583.0818350696263,1
2219,High Risk,0.9498761,Priority collections review,Severe delinquency history,High,1612.9032258064515,1532.0582258064514,0.5971733333333332,0,4,6,23271.162709814624,1
6349,High Risk,0.9498425,Hardship outreach,Persistent delayed payments,High,2580.6451612903224,2451.206451612903,0.8164625,0,2,6,2151.087817826134,1
29269,High Risk,0.9498355,Priority collections review,Severe delinquency history,High,1612.9032258064515,1531.9927419354838,0.63922,0,4,6,3256.2744356088906,1
7811,High Risk,0.9498056,Hardship outreach,Persistent delayed payments,High,8709.677419354839,8272.500387096774,0.812858024691358,0,2,6,9224.230583992718,1
19056,High Risk,0.94973475,Hardship outreach,Persistent delayed payments,High,2258.064516129032,2144.562338709677,0.7545095238095239,0,2,6,1943.7086887357036,1
14834,High Risk,0.9497229,Credit line review,Utilization above approved limit,High,967.741935483871,919.0866774193548,1.1745777777777775,5,2,1,9611.83001652998,1
13745,High Risk,0.9496675,Hardship outreach,Persistent delayed payments,High,3225.806451612903,3063.4435483870966,0.3041233333333333,0,2,6,3326.5847150894365,1
12177,High Risk,0.9496628,Hardship outreach,Persistent delayed payments,High,1612.9032258064515,1531.714193548387,0.9496,0,2,6,1723.651008760184,1
27923,High Risk,0.9496374,Hardship outreach,Persistent delayed payments,High,967.741935483871,919.0039354838709,0.8448388888888889,1,2,5,1335.9855413389273,1
17747,High Risk,0.94958895,Hardship outreach,Persistent delayed payments,High,967.741935483871,918.9570483870967,0.4226111111111111,0,2,6,1357.406890606743,1
3860,High Risk,0.9494586,Hardship outreach,Persistent delayed payments,High,645.1612903225806,612.553935483871,0.537925,0,2,6,2493.682557985278,1
12820,High Risk,0.9492479,Hardship outreach,Persistent delayed payments,High,1612.9032258064515,1531.0449999999998,0.7754566666666666,1,2,5,866.203536512445,0
28522,High Risk,0.94913137,Hardship outreach,Persistent delayed payments,High,2580.6451612903224,2449.371277419355,1.23610625,2,2,4,3170.1672353363315,1
16834,High Risk,0.9489481,Hardship outreach,Persistent delayed payments,High,322.5806451612903,306.11229032258063,0.8668833333333333,1,2,5,987.528109304574,0
16650,High Risk,0.9489106,Hardship outreach,Persistent delayed payments,High,1612.9032258064515,1530.5009677419355,0.24858,0,2,6,1407.0535171058705,1
2131,High Risk,0.9488678,Priority collections review,Severe delinquency history,High,4516.129032258064,4285.209419354839,0.8014107142857143,0,3,6,4268.463037206718,1
16668,High Risk,0.9488669,Hardship outreach,Persistent delayed payments,High,645.1612903225806,612.172193548387,0.9505083333333334,1,2,5,1178.2579372389846,1
11838,High Risk,0.94880927,Priority collections review,Severe delinquency history,High,967.741935483871,918.2025193548387,1.024188888888889,1,6,5,1615.7630601875594,1
7580,High Risk,0.948758,Hardship outreach,Persistent delayed payments,High,8387.096774193547,7957.325161290321,0.0059493589743589,0,2,6,705.7697688812314,1
17394,High Risk,0.9487426,Hardship outreach,Persistent delayed payments,High,3225.806451612903,3060.4599999999996,0.456475,0,2,6,2020.643041212376,1
4986,High Risk,0.94864804,Hardship outreach,Persistent delayed payments,High,4838.709677419355,4590.232451612904,0.4830666666666667,0,2,6,12060.111707608685,1
23935,High Risk,0.9486078,Priority collections review,Severe delinquency history,High,645.1612903225806,612.0050322580645,0.9219,0,3,6,982.35736878185,1
9287,High Risk,0.9485783,Hardship outreach,Persistent delayed payments,High,3225.806451612903,3059.93,0.4816916666666667,0,2,6,1969.2542158560093,1
17204,High Risk,0.94854504,Hardship outreach,Persistent delayed payments,High,1612.9032258064515,1529.9113548387095,0.9383633333333332,1,2,5,2189.869714541636,1
17387,High Risk,0.94846773,Priority collections review,Severe delinquency history,High,645.1612903225806,611.9146645161289,0.8620083333333333,0,3,6,725.1409288315388,1
27277,High Risk,0.9484394,Hardship outreach,Persistent delayed payments,High,6451.612903225806,6118.963870967742,0.2244716666666666,0,2,6,2343.5780905842817,1
4674,High Risk,0.9483205,Hardship outreach,Persistent delayed payments,High,1612.9032258064515,1529.549193548387,0.8907066666666666,0,2,6,4114.750182777402,1
17245,High Risk,0.9482283,Priority collections review,Severe delinquency history,High,1612.9032258064515,1529.4004838709677,0.9622766666666666,0,4,6,1751.7098408888007,1
21199,High Risk,0.9482112,Priority collections review,Severe delinquency history,High,4193.548387096774,3976.3695483870965,0.0021153846153846,0,3,6,61.237243569579455,1
7753,High Risk,0.9482069,Priority collections review,Severe delinquency history,High,3870.967741935484,3670.478322580645,1.0116805555555557,3,4,3,28271.34322713844,1
18097,High Risk,0.9481863,Priority collections review,Severe delinquency history,High,8064.516129032258,7646.663709677419,0.0022126666666666,2,3,4,729.1401557085351,1
7188,High Risk,0.9481293,Hardship outreach,Persistent delayed payments,High,645.1612903225806,611.6963225806451,1.00695,1,2,5,584.6226133156329,0
1862,High Risk,0.94810474,Priority collections review,Severe delinquency history,High,322.5806451612903,305.8402387096774,0.7561666666666667,0,6,6,549.4588853287083,1
13480,High Risk,0.94808966,Hardship outreach,Persistent delayed payments,High,12580.645161290322,11927.579593548386,0.4460017094017094,0,2,6,6282.82741022437,1
4675,High Risk,0.94796693,Priority collections review,Severe delinquency history,High,12903.225806451612,12231.831354838709,0.5683649999999999,3,4,3,110478.10082545772,1
5458,High Risk,0.94794756,Priority collections review,Severe delinquency history,High,3225.806451612903,3057.8953548387094,0.6664066666666665,2,4,4,45729.82108719284,1
27035,High Risk,0.9478318,Hardship outreach,Persistent delayed payments,High,13548.387096774193,12841.592129032259,0.962467857142857,3,2,3,39143.117181696194,1
26739,High Risk,0.94767535,Hardship outreach,Persistent delayed payments,High,1612.9032258064515,1528.5086290322579,0.1543766666666666,0,2,6,1250.2761961529409,1
16030,High Risk,0.9476443,Hardship outreach,Persistent delayed payments,High,2580.6451612903224,2445.5336774193547,0.0129208333333333,2,2,3,886.3377836167579,1
4802,High Risk,0.9476143,Priority collections review,Severe delinquency history,High,6129.032258064516,5807.958612903226,1.141122807017544,1,6,5,25274.711746460463,1
1869,High Risk,0.9474942,Hardship outreach,Persistent delayed payments,High,5161.290322580645,4890.29264516129,0.299478125,2,2,3,2117.9636210284634,1
9765,High Risk,0.94749254,Priority collections review,Severe delinquency history,High,1612.9032258064515,1528.2137741935483,0.6229066666666666,0,3,6,1224.339440950371,1
9438,High Risk,0.94747585,Credit line review,Utilization above approved limit,High,645.1612903225806,611.2747419354838,1.1000666666666663,4,2,2,8059.306512763159,1
20685,High Risk,0.94742364,Hardship outreach,Persistent delayed payments,High,1612.9032258064515,1528.1026451612902,0.7456066666666666,1,2,5,1113.7011568040446,1
25605,High Risk,0.9472747,Hardship outreach,Persistent delayed payments,High,1612.9032258064515,1527.8624193548387,0.6535733333333333,1,2,5,965.513473063254,1
27697,High Risk,0.9472114,Hardship outreach,Persistent delayed payments,High,1290.3225806451612,1222.208258064516,0.2434125,2,2,4,1708.3543836101455,1
26711,High Risk,0.9471795,Hardship outreach,Persistent delayed payments,High,5161.290322580645,4888.668387096774,0.3484364583333333,3,2,3,32354.93226954225,1
29841,High Risk,0.9471721,Hardship outreach,Persistent delayed payments,High,10322.58064516129,9777.260387096774,0.6710541666666666,0,2,6,8790.608845049737,1
17864,High Risk,0.94702137,Priority collections review,Severe delinquency history,High,967.741935483871,916.472293548387,0.4942333333333333,0,3,6,776.823789543034,1
3540,High Risk,0.9469371,Priority collections review,Severe delinquency history,High,967.741935483871,916.3907419354839,0.9388611111111111,0,5,6,2746.999484285839,1
16641,High Risk,0.9468795,Hardship outreach,Persistent delayed payments,High,645.1612903225806,610.89,0.7420499999999999,2,2,4,1083.5936507750496,1
17375,High Risk,0.94686323,Hardship outreach,Persistent delayed payments,High,1612.9032258064515,1527.198758064516,0.6973066666666666,2,2,4,19948.90370588486,1
19261,High Risk,0.94680166,Hardship outreach,Persistent delayed payments,High,8064.516129032258,7635.497258064515,0.5025693333333333,0,2,6,1998.131293650812,1
28538,High Risk,0.9467693,Hardship outreach,Persistent delayed payments,High,4516.129032258064,4275.732322580645,0.8593357142857143,2,2,3,12666.468426518892,0
9108,High Risk,0.9467551,Hardship outreach,Persistent delayed payments,High,3548.3870967741937,3359.4535806451613,0.9059075757575756,0,2,6,2435.1442188639808,1
23385,High Risk,0.94672024,Hardship outreach,Persistent delayed payments,High,1612.9032258064515,1526.9681290322578,0.5465233333333334,0,2,6,1467.5254569058309,1
19617,High Risk,0.94670886,Hardship outreach,Persistent delayed payments,High,8709.677419354839,8245.528780645162,0.515683950617284,3,2,3,69106.97645438314,1
17364,High Risk,0.94669634,Priority collections review,Severe delinquency history,High,1612.9032258064515,1526.9295806451612,0.9863033333333332,0,3,6,1833.6138542961185,1
18110,High Risk,0.94667226,Priority collections review,Severe delinquency history,High,3870.967741935484,3664.5377806451615,0.3724833333333333,0,3,6,2311.205313251075,1
17189,High Risk,0.9466554,Priority collections review,Severe delinquency history,High,645.1612903225806,610.7454193548386,0.6495416666666668,2,5,4,1076.4232284128148,1
13992,High Risk,0.94664097,Hardship outreach,Persistent delayed payments,High,7419.354838709677,7023.465261290323,0.8666601449275363,1,2,5,3764.420774391018,1
1629,High Risk,0.9465285,Hardship outreach,Persistent delayed payments,High,4516.129032258064,4274.644838709677,0.6657654761904762,0,2,6,2098.9340548637224,0
3345,High Risk,0.9463791,Hardship outreach,Persistent delayed payments,High,967.741935483871,915.8507419354839,0.9878666666666668,1,2,5,1546.083050809367,1
10409,High Risk,0.94637024,Hardship outreach,Persistent delayed payments,High,5806.451612903225,5495.053006451612,0.9978435185185184,3,2,3,4252.922403085514,1
2422,High Risk,0.94632924,Priority collections review,Severe delinquency history,High,645.1612903225806,610.5349935483871,0.809575,0,4,6,445.0091010305295,1
677,High Risk,0.9462891,Hardship outreach,Persistent delayed payments,High,6129.032258064516,5799.836419354839,0.8414798245614036,0,2,6,8397.392105092309,1
17040,High Risk,0.9462574,Priority collections review,Severe delinquency history,High,3225.806451612903,3052.443225806451,0.9783916666666668,0,3,6,3538.753872010127,1
16859,High Risk,0.9462347,Priority collections review,Severe delinquency history,High,5161.290322580645,4883.7919999999995,0.3819885416666667,0,3,6,3048.8240629243705,1
19533,High Risk,0.9462139,Priority collections review,Severe delinquency history,High,12258.064516129032,11598.751032258066,1.0275907894736842,3,3,3,14622.090366975575,1
28625,High Risk,0.946213,Priority collections review,Severe delinquency history,High,10967.741935483871,10377.82,1.3136529411764706,1,5,5,153949.7639062821,1
18159,High Risk,0.9462084,Hardship outreach,Persistent delayed payments,High,6774.193548387097,6409.798838709677,0.4286880952380952,0,2,6,2942.704113566296,1
10656,High Risk,0.9459367,Hardship outreach,Persistent delayed payments,High,7741.935483870968,7323.380903225806,0.0077583333333333,1,2,3,2825.022477786681,1
13675,High Risk,0.9458891,Priority collections review,Severe delinquency history,High,967.741935483871,915.3765483870968,0.4682944444444444,0,3,6,455.0298525005438,1
14468,High Risk,0.94580185,Priority collections review,Severe delinquency history,High,1935.483870967742,1830.5842258064517,0.4359861111111112,0,4,6,2577.049430388689,1
12120,High Risk,0.9454475,Hardship outreach,Persistent delayed payments,High,645.1612903225806,609.966129032258,0.553925,2,2,3,980.8552900402792,0
12122,High Risk,0.94542354,Priority collections review,Severe delinquency history,High,1290.3225806451612,1219.9013419354837,0.9951416666666668,1,6,5,1560.1264905983317,1
19832,High Risk,0.9452602,Hardship outreach,Persistent delayed payments,High,2580.6451612903224,2439.3811612903223,1.0311916666666667,2,2,4,38537.20787325759,1
14440,High Risk,0.9450906,Priority collections review,Severe delinquency history,High,1612.9032258064515,1524.3396774193548,0.6079133333333333,0,5,6,2608.573607676553,1
15268,High Risk,0.94502753,Hardship outreach,Persistent delayed payments,High,967.741935483871,914.542770967742,0.815988888888889,3,2,3,1376.7214194115911,0
11586,High Risk,0.9450115,Hardship outreach,Persistent delayed payments,High,2903.2258064516127,2743.5817741935484,0.7261777777777777,2,2,3,5231.937881894241,1
15936,High Risk,0.94488937,Hardship outreach,Persistent delayed payments,High,967.741935483871,914.4090677419355,0.9822444444444444,0,2,6,1416.2622167757872,1
24459,High Risk,0.94472444,Priority collections review,Severe delinquency history,High,645.1612903225806,609.4996387096774,0.4033166666666666,2,3,4,1702.3882831676992,1
3562,High Risk,0.94466305,Hardship outreach,Persistent delayed payments,High,2903.2258064516127,2742.57014516129,0.7212833333333334,0,2,6,2144.162563799676,1
7486,High Risk,0.9446054,Hardship outreach,Persistent delayed payments,High,967.741935483871,914.1342580645162,0.8146111111111111,2,2,4,1490.5967485093568,1
6211,High Risk,0.94459563,Hardship outreach,Persistent delayed payments,High,1612.9032258064515,1523.5413387096773,0.9311,0,2,6,1769.5810803690235,0
24766,High Risk,0.94457936,Priority collections review,Severe delinquency history,High,1612.9032258064515,1523.5150967741934,2.6365566666666664,2,3,2,6156.753801043751,1
25728,High Risk,0.94457257,Priority collections review,Severe delinquency history,High,10322.58064516129,9750.426529032256,0.9629026041666666,1,3,5,6358.344483170652,1
849,High Risk,0.94451797,Priority collections review,Severe delinquency history,High,4838.709677419355,4570.248241935485,0.9885544444444444,1,4,5,4321.797423140823,1
3296,High Risk,0.94438154,Hardship outreach,Persistent delayed payments,High,2580.6451612903224,2437.113651612903,0.8053916666666668,3,2,3,32577.11651860347,1
9463,High Risk,0.94430673,Hardship outreach,Persistent delayed payments,High,1612.9032258064515,1523.0753709677417,1.002,2,2,4,1261.569974278082,1
24166,High Risk,0.94430435,Priority collections review,Severe delinquency history,High,2580.6451612903224,2436.914451612903,0.1531791666666666,0,4,6,684.5032261915693,1
11517,High Risk,0.9442416,Priority collections review,Severe delinquency history,High,3225.806451612903,3045.94064516129,0.8349483333333333,0,4,6,2386.2586965093847,1
19101,High Risk,0.94411135,Hardship outreach,Persistent delayed payments,High,645.1612903225806,609.1040967741935,0.4002999999999999,1,2,5,1302.0711194093817,1
8954,High Risk,0.9440315,Priority collections review,Severe delinquency history,High,4838.709677419355,4567.89435483871,0.3601044444444444,0,3,6,2523.5189451768865,1
2590,High Risk,0.94399714,Hardship outreach,Persistent delayed payments,High,6774.193548387097,6394.819335483871,0.3004238095238095,2,2,3,2070.6363273158327,1
9697,High Risk,0.9439947,Hardship outreach,Persistent delayed payments,High,1612.9032258064515,1522.5720967741934,0.33904,0,2,6,1765.6674658609984,1
20907,High Risk,0.94391316,Hardship outreach,Persistent delayed payments,High,6129.032258064516,5785.274206451613,0.8234824561403508,0,2,6,7630.3161052912255,1
6353,High Risk,0.94378656,Priority collections review,Severe delinquency history,High,1612.9032258064515,1522.2363870967743,0.47888,2,4,4,889.4699545234791,0
7395,High Risk,0.9437578,Priority collections review,Severe delinquency history,High,967.741935483871,913.314,0.8275555555555556,0,3,6,956.4615343371978,1
6079,High Risk,0.9436538,Priority collections review,Severe delinquency history,High,4838.709677419355,4566.066774193549,0.9757255555555556,0,3,6,1247.014260811265,1
16800,High Risk,0.94365364,Hardship outreach,Persistent delayed payments,High,645.1612903225806,608.8087999999999,0.5135833333333333,2,2,4,1490.2305414487607,1
16694,High Risk,0.94344103,Hardship outreach,Persistent delayed payments,High,8064.516129032258,7608.395403225806,0.686188,0,2,6,13576.95799507386,1
19596,High Risk,0.9433946,Hardship outreach,Persistent delayed payments,High,13870.967741935483,13085.796064516127,0.6869689922480621,0,2,6,8909.049840845355,1
10823,High Risk,0.9433861,Hardship outreach,Persistent delayed payments,High,4516.129032258064,4260.45335483871,0.7014464285714287,0,2,6,2112.004142988361,1
21222,High Risk,0.9433002,Hardship outreach,Persistent delayed payments,High,2580.6451612903224,2434.3230967741933,0.8698874999999999,0,2,6,1696.25917830973,1
10425,High Risk,0.9432397,Priority collections review,Severe delinquency history,High,4516.129032258064,4259.792193548387,0.6192904761904763,0,3,6,5630.418587162651,1
20285,High Risk,0.94323623,Hardship outreach,Persistent delayed payments,High,1290.3225806451612,1217.079006451613,0.7386916666666666,0,2,6,1421.0843277816653,0
8657,High Risk,0.9430664,Priority collections review,Severe delinquency history,High,967.741935483871,912.6449032258064,1.0342444444444443,1,6,5,1558.8999540274117,0
22691,High Risk,0.94298893,Hardship outreach,Persistent delayed payments,High,4516.129032258064,4258.6596838709675,0.9096321428571428,2,2,3,10965.454112803536,0
19771,High Risk,0.9429821,Hardship outreach,Persistent delayed payments,High,967.741935483871,912.5633225806453,0.5839388888888889,0,2,6,3689.612793595917,1
5486,High Risk,0.9428737,Priority collections review,Severe delinquency history,High,967.741935483871,912.4584193548387,0.0202777777777777,0,3,6,480.0173607971556,1
9518,High Risk,0.94285,Hardship outreach,Persistent delayed payments,High,1612.9032258064515,1520.7258064516127,0.7050766666666667,0,2,6,1760.7640860338634,1
26827,High Risk,0.94284225,Priority collections review,Severe delinquency history,High,645.1612903225806,608.2853225806451,0.3386916666666666,0,3,6,1140.0858593398425,1
4775,High Risk,0.9428034,Hardship outreach,Persistent delayed payments,High,2580.6451612903224,2433.041032258064,0.6001624999999999,0,2,6,1743.8589392493875,1
27215,High Risk,0.94264984,Hardship outreach,Persistent delayed payments,High,1935.483870967742,1824.4835612903225,0.3638416666666667,0,2,6,1219.6459732233775,0
17776,High Risk,0.9425473,Hardship outreach,Persistent delayed payments,High,3225.806451612903,3040.4751612903224,0.85451,3,2,3,4176.094970184467,1
16790,High Risk,0.94252044,Hardship outreach,Persistent delayed payments,High,7096.774193548387,6688.854735483871,0.8360666666666665,0,2,6,5811.049497867547,1
17485,High Risk,0.9425169,Priority collections review,Severe delinquency history,High,3870.967741935484,3648.452516129032,0.4527013888888889,0,4,6,3433.2006883761787,1
17967,High Risk,0.94247955,Hardship outreach,Persistent delayed payments,High,645.1612903225806,608.0513225806452,0.3941666666666666,0,2,6,1221.421903629809,1
22061,High Risk,0.9424381,Hardship outreach,Persistent delayed payments,High,2258.064516129032,2128.0860322580643,0.3767452380952381,0,2,6,1607.3716952424743,0
2322,High Risk,0.9423811,Priority collections review,Severe delinquency history,High,967.741935483871,911.9817096774193,0.0480888888888888,3,3,2,537.7098350101722,0
25575,High Risk,0.94226295,Hardship outreach,Persistent delayed payments,High,967.741935483871,911.867370967742,0.8550222222222222,3,2,3,1337.589423801888,1
3276,High Risk,0.9419983,Priority collections review,Severe delinquency history,High,645.1612903225806,607.7408387096774,0.8151416666666668,0,4,6,7515.254178447104,1
5986,High Risk,0.94197685,Hardship outreach,Persistent delayed payments,High,3225.806451612903,3038.6349999999998,0.3173833333333333,0,2,6,1135.5725721708266,0
1827,High Risk,0.94191074,Credit line review,Utilization above approved limit,High,8387.096774193547,7899.896529032257,1.4348096153846157,6,0,0,104166.0405444116,1
24328,High Risk,0.94161975,Hardship outreach,Persistent delayed payments,High,5483.870967741936,5163.721209677419,0.915906862745098,0,2,6,7191.84469845301,1
17233,High Risk,0.9415853,Priority collections review,Severe delinquency history,High,322.5806451612903,303.73719354838704,0.8795000000000001,0,4,6,2381.3491134228934,1
7902,High Risk,0.9414771,Hardship outreach,Persistent delayed payments,High,1935.483870967742,1822.2137419354838,0.8419638888888888,0,2,6,16655.476389664353,1
23812,High Risk,0.9414617,Priority collections review,Severe delinquency history,High,1612.9032258064515,1518.4866129032257,0.56167,4,3,2,30854.704015757467,1
20853,High Risk,0.9414475,Hardship outreach,Persistent delayed payments,High,1612.9032258064515,1518.4637096774193,0.9500266666666668,0,2,6,1391.0755071766114,1
19201,High Risk,0.94142836,Priority collections review,Severe delinquency history,High,645.1612903225806,607.3731354838709,0.7819166666666666,0,5,6,3061.0618854682875,1
16527,High Risk,0.9413657,Hardship outreach,Persistent delayed payments,High,967.741935483871,910.999064516129,0.8371611111111111,1,2,5,1491.221970957599,0
3202,High Risk,0.9413048,Hardship outreach,Persistent delayed payments,High,645.1612903225806,607.2934193548388,0.4517166666666667,1,2,5,1352.4037365619288,1
21218,High Risk,0.94126105,Hardship outreach,Persistent delayed payments,High,1612.9032258064515,1518.1629838709678,1.4444666666666668,2,2,4,3016.7217748189287,1
8294,High Risk,0.94122905,Hardship outreach,Persistent delayed payments,High,1612.9032258064515,1518.1113709677418,0.9213133333333332,0,2,6,2230.067323348483,1
11855,High Risk,0.9412078,Hardship outreach,Persistent delayed payments,High,2258.064516129032,2125.307935483871,0.4948666666666667,1,2,5,1655.288816692322,1
9756,High Risk,0.94117004,Hardship outreach,Persistent delayed payments,High,4516.129032258064,4250.445341935484,0.3887595238095238,2,2,3,2390.2992002397245,0
16229,High Risk,0.941112,Priority collections review,Severe delinquency history,High,322.5806451612903,303.58451612903224,0.8728666666666668,3,3,2,1124.139077991094,1
5488,High Risk,0.94095826,Hardship outreach,Persistent delayed payments,High,967.741935483871,910.6047677419356,0.8888277777777777,0,2,6,816.3228323810787,1
16567,High Risk,0.9408242,Hardship outreach,Persistent delayed payments,High,645.1612903225806,606.9833548387096,0.7155999999999999,0,2,6,3004.219965315456,1
4918,High Risk,0.9408121,Hardship outreach,Persistent delayed payments,High,5161.290322580645,4855.804387096774,0.8520843750000001,0,2,6,3910.300436027902,1
14082,High Risk,0.9407735,Hardship outreach,Persistent delayed payments,High,2580.6451612903224,2427.8025806451615,1.03140625,0,2,6,1965.073713630102,1
8709,High Risk,0.9406373,Priority collections review,Severe delinquency history,High,3225.806451612903,3034.313870967742,0.9666383333333334,0,3,6,7496.088431086354,1
20382,High Risk,0.94053,Priority collections review,Severe delinquency history,High,322.5806451612903,303.39677419354837,0.7743500000000001,2,3,3,1407.850666796731,1
12308,High Risk,0.9405199,Hardship outreach,Persistent delayed payments,High,10322.58064516129,9708.59251612903,0.9545166666666668,1,2,5,6803.774354479039,1
11644,High Risk,0.9404665,Priority collections review,Severe delinquency history,High,2580.6451612903224,2427.010322580645,0.0632708333333333,1,3,5,763.3506839367255,1
7592,High Risk,0.9404462,Hardship outreach,Persistent delayed payments,High,5483.870967741936,5157.285612903226,0.1015705882352941,0,2,6,1304.367892889119,1
21381,High Risk,0.9403337,Hardship outreach,Persistent delayed payments,High,1612.9032258064515,1516.667258064516,0.7928333333333332,0,2,6,10956.10970493937,1
24303,High Risk,0.9401724,Hardship outreach,Persistent delayed payments,High,3225.806451612903,3032.814193548387,0.92748,0,2,6,7677.777855603794,1
19207,High Risk,0.940171,Hardship outreach,Persistent delayed payments,High,967.741935483871,909.8429032258065,0.905472222222222,0,2,6,1888.9590166720573,1
14810,High Risk,0.94000125,Hardship outreach,Persistent delayed payments,High,4193.548387096774,3941.940725806451,0.4453423076923077,2,2,3,3111.8683616117182,1
3195,High Risk,0.93998146,Priority collections review,Severe delinquency history,High,645.1612903225806,606.4396516129033,0.2539166666666667,3,3,3,911.1354820588796,1
19727,High Risk,0.9399481,Hardship outreach,Persistent delayed payments,High,9677.41935483871,9096.271935483872,0.4617227777777777,0,2,6,5385.0662917615655,0
20560,High Risk,0.9399474,Priority collections review,Severe delinquency history,High,645.1612903225806,606.4176774193548,0.5546999999999999,1,3,5,701.767197865503,1
21077,High Risk,0.9399423,Hardship outreach,Persistent delayed payments,High,7419.354838709677,6973.765451612903,0.8571608695652174,0,2,6,4945.010252769957,1
7899,High Risk,0.9398552,Hardship outreach,Persistent delayed payments,High,1290.3225806451612,1212.716387096774,0.8211208333333334,2,2,4,1711.0738635917114,1
22689,High Risk,0.9398132,Hardship outreach,Persistent delayed payments,High,1612.9032258064515,1515.8277419354838,0.8839166666666668,0,2,6,2284.05616539232,1
17654,High Risk,0.9397777,Hardship outreach,Persistent delayed payments,High,322.5806451612903,303.15409677419353,0.8901500000000001,0,2,6,900.3367703254155,1
12375,High Risk,0.9397209,Priority collections review,Severe delinquency history,High,645.1612903225806,606.2715483870967,0.567325,3,4,3,274.9099852679055,1
6306,High Risk,0.9396871,Hardship outreach,Persistent delayed payments,High,967.741935483871,909.3746129032259,0.6764944444444444,2,2,4,1655.5776534692254,1
25541,High Risk,0.9396737,Hardship outreach,Persistent delayed payments,High,4838.709677419355,4546.808225806451,0.836848888888889,3,2,3,59648.83580646539,1
12417,High Risk,0.9396222,Hardship outreach,Persistent delayed payments,High,1935.483870967742,1818.6236129032256,0.1856222222222222,0,2,6,495.21981651249246,1
23302,High Risk,0.9395264,Hardship outreach,Persistent delayed payments,High,2903.2258064516127,2727.6572903225806,0.7121999999999998,0,2,6,25543.770348169044,0
17989,High Risk,0.9395165,Hardship outreach,Persistent delayed payments,High,1612.9032258064515,1515.349193548387,0.8974566666666668,1,2,5,1594.8393545014703,1
26503,High Risk,0.9394971,Hardship outreach,Persistent delayed payments,High,3870.967741935484,3636.7629677419354,0.6965083333333334,0,2,6,2824.8576601308605,1
25588,High Risk,0.9394179,Hardship outreach,Persistent delayed payments,High,7419.354838709677,6969.874741935484,0.8543195652173913,0,2,6,7219.979965346164,1
17715,High Risk,0.9393815,Priority collections review,Severe delinquency history,High,322.5806451612903,303.0262903225806,0.0841666666666666,0,3,6,591.9600211726014,1
9290,High Risk,0.9393395,Hardship outreach,Persistent delayed payments,High,7096.774193548387,6666.280322580646,0.4627287878787879,0,2,6,4004.473431884231,1
16802,High Risk,0.93932015,Hardship outreach,Persistent delayed payments,High,645.1612903225806,606.013,0.8921916666666668,0,2,6,2115.718357122863,1
28636,High Risk,0.939164,Hardship outreach,Persistent delayed payments,High,3225.806451612903,3029.5612903225806,0.9872166666666669,0,2,6,3622.289368157473,1
17421,High Risk,0.9391322,Hardship outreach,Persistent delayed payments,High,6451.612903225806,6058.917419354838,0.1646316666666666,2,2,3,2188.603908126518,0
2818,High Risk,0.93911153,Priority collections review,Severe delinquency history,High,1612.9032258064515,1514.6960161290322,0.7902333333333335,0,4,6,1155.33919983123,1
13624,High Risk,0.9390576,Priority collections review,Severe delinquency history,High,322.5806451612903,302.9218064516129,0.38645,1,5,5,327.1927566435419,1
12991,High Risk,0.9389469,Hardship outreach,Persistent delayed payments,High,1935.483870967742,1817.3165806451614,0.6884527777777777,2,2,4,29287.097701320057,1
29724,High Risk,0.93889004,Priority collections review,Severe delinquency history,High,4838.709677419355,4543.0163225806455,0.8369333333333334,2,3,3,21739.28170846498,1
8231,High Risk,0.93881786,Priority collections review,Severe delinquency history,High,1612.9032258064515,1514.2223548387096,0.6261466666666667,1,5,5,1230.1254678554812,1
6829,High Risk,0.9386328,Priority collections review,Severe delinquency history,High,645.1612903225806,605.5695483870968,0.6301666666666667,1,5,5,971.505772842687,1
4375,High Risk,0.93861216,Priority collections review,Severe delinquency history,High,1612.9032258064515,1513.8905806451612,0.9914633333333334,1,4,5,1246.452151775858,1
7609,High Risk,0.93848836,Priority collections review,Severe delinquency history,High,3870.967741935484,3632.8581677419356,0.0068,2,3,2,700.6625435971299,1
17352,High Risk,0.9384425,Priority collections review,Severe delinquency history,High,645.1612903225806,605.4467741935483,0.6543833333333333,0,3,6,862.8915729491549,1
8083,High Risk,0.9384277,Hardship outreach,Persistent delayed payments,High,1612.9032258064515,1513.5930645161288,0.2526366666666667,0,2,6,904.7464654071144,1
7861,High Risk,0.9382002,Priority collections review,Severe delinquency history,High,1612.9032258064515,1513.226129032258,0.5528333333333333,1,3,5,578.7001526409568,1
783,High Risk,0.9381991,Hardship outreach,Persistent delayed payments,High,3225.806451612903,3026.4487096774187,0.8331033333333333,0,2,6,2683.334169772126,1
17447,High Risk,0.9381769,Hardship outreach,Persistent delayed payments,High,967.741935483871,907.9131290322581,0.8491,0,2,6,2971.8076653780945,1
19578,High Risk,0.9380005,Hardship outreach,Persistent delayed payments,High,2580.6451612903224,2420.646451612903,0.6968395833333334,0,2,6,2280.757893040528,1
7947,High Risk,0.9379889,Priority collections review,Severe delinquency history,High,645.1612903225806,605.1541290322581,1.0669166666666667,0,7,6,1118.727968125704,1
6046,High Risk,0.9379463,Priority collections review,Severe delinquency history,High,6451.612903225806,6051.2664516129025,0.90185,0,3,6,3690.63192421027,1
2802,High Risk,0.93789154,Priority collections review,Severe delinquency history,High,4516.129032258064,4235.639212903226,0.5593309523809524,1,4,5,9442.249047057943,1
11034,High Risk,0.937807,Hardship outreach,Persistent delayed payments,High,967.741935483871,907.5551612903225,0.6161055555555556,3,2,3,10583.683827792036,1
24258,High Risk,0.93773764,Hardship outreach,Persistent delayed payments,High,967.741935483871,907.4880387096774,0.5115611111111111,0,2,6,1177.0258139338605,1
25191,High Risk,0.9377201,Hardship outreach,Persistent delayed payments,High,645.1612903225806,604.9807096774193,0.1612166666666666,2,2,4,1408.394499657914,1
2448,High Risk,0.9376133,Hardship outreach,Persistent delayed payments,High,1612.9032258064515,1512.2795161290321,0.65513,0,2,6,21572.498267470088,1
10937,High Risk,0.9375821,Hardship outreach,Persistent delayed payments,High,5806.451612903225,5444.025096774193,0.6059740740740741,0,2,6,3039.61429570705,1
28367,High Risk,0.93751484,Hardship outreach,Persistent delayed payments,High,645.1612903225806,604.8482838709676,0.4643916666666666,1,2,5,774.0616039222373,1
15763,High Risk,0.93728995,Hardship outreach,Persistent delayed payments,High,1935.483870967742,1814.1095806451615,0.6412555555555555,3,2,3,21763.28506146686,1
14631,High Risk,0.9372853,Priority collections review,Severe delinquency history,High,322.5806451612903,302.3500967741935,0.9890333333333334,0,3,6,340.06332743573904,1
27485,High Risk,0.9372204,Priority collections review,Severe delinquency history,High,3225.806451612903,3023.2916129032255,0.85726,0,3,6,2862.2944642366897,1
7775,High Risk,0.93714,Hardship outreach,Persistent delayed payments,High,4193.548387096774,3929.9419354838706,0.2779410256410257,3,2,3,56093.8537869049,1
29688,High Risk,0.93694353,Hardship outreach,Persistent delayed payments,High,7741.935483870968,7253.756361290322,0.1954236111111111,2,2,3,1960.0832295253856,1
6371,High Risk,0.93692225,Priority collections review,Severe delinquency history,High,3870.967741935484,3626.795806451613,0.4552874999999999,2,3,4,59964.14050997479,0
22415,High Risk,0.9367517,Hardship outreach,Persistent delayed payments,High,1935.483870967742,1813.0678064516128,0.8594333333333334,0,2,6,2583.583867421377,1
16700,High Risk,0.93663186,Priority collections review,Severe delinquency history,High,7096.774193548387,6647.064812903226,0.9183030303030304,0,4,6,19917.715668888,1
9032,High Risk,0.93659294,Priority collections review,Severe delinquency history,High,1612.9032258064515,1510.6337741935483,0.4400533333333333,0,5,6,1271.4528173183096,1
17613,High Risk,0.9365466,Hardship outreach,Persistent delayed payments,High,5806.451612903225,5438.012516129032,0.6648787037037037,2,2,3,30914.985960965056,0
973,High Risk,0.9365229,Hardship outreach,Persistent delayed payments,High,5806.451612903225,5437.8749032258065,0.0717037037037037,1,2,5,1637.057563638697,1
24591,High Risk,0.9364487,Hardship outreach,Persistent delayed payments,High,2258.064516129032,2114.5615806451615,0.997454761904762,0,2,6,1861.6553297177932,1
29975,High Risk,0.9362338,Hardship outreach,Persistent delayed payments,High,1612.9032258064515,1510.0545161290322,0.1010099999999999,2,2,4,4092.3409315451713,1
22881,High Risk,0.9361994,Hardship outreach,Persistent delayed payments,High,967.741935483871,905.9994193548388,0.8464833333333335,0,2,6,1406.0299783432783,0
11437,High Risk,0.93610966,Hardship outreach,Persistent delayed payments,High,6451.612903225806,6039.417161290322,0.0025833333333333,2,2,4,973.4817238483046,1
14,High Risk,0.93600327,Hardship outreach,Persistent delayed payments,High,2258.064516129032,2113.555770967742,0.8063928571428572,2,2,3,15453.61289472465,1
16344,High Risk,0.9359786,Credit line review,Utilization above approved limit,High,6451.612903225806,6038.571612903225,1.0635616666666667,4,2,2,45594.2815171669,1
24133,High Risk,0.93586516,Hardship outreach,Persistent delayed payments,High,1612.9032258064515,1509.4599354838708,0.8374933333333333,0,2,6,3098.4291934247367,1
21057,High Risk,0.93586224,Hardship outreach,Persistent delayed payments,High,3225.806451612903,3018.9104516129028,0.2466616666666667,2,2,4,3411.0143603723905,1
19472,High Risk,0.9358085,Hardship outreach,Persistent delayed payments,High,5806.451612903225,5433.726774193548,0.0902768518518518,1,2,5,2004.2251786330464,1
20336,High Risk,0.9355386,Priority collections review,Severe delinquency history,High,2903.2258064516127,2716.0798064516125,0.9762462962962962,1,3,5,2694.9810698160136,1
16938,High Risk,0.9353106,Priority collections review,Severe delinquency history,High,645.1612903225806,603.426193548387,0.9430083333333336,0,4,6,1369.6302299039207,1
7962,High Risk,0.93529975,Priority collections review,Severe delinquency history,High,645.1612903225806,603.419193548387,0.9364249999999998,1,5,5,863.0118770909239,1
3873,High Risk,0.9352807,Hardship outreach,Persistent delayed payments,High,967.741935483871,905.1103548387097,0.9425222222222222,0,2,6,1851.254457568345,0
28350,High Risk,0.93516046,Hardship outreach,Persistent delayed payments,High,5806.451612903225,5429.963961290322,0.8858611111111112,1,2,5,27847.264052326576,1
24559,High Risk,0.9351517,Priority collections review,Severe delinquency history,High,645.1612903225806,603.3236774193548,0.4968416666666666,0,3,6,655.9854927257664,1
3564,High Risk,0.9350459,Hardship outreach,Persistent delayed payments,High,2903.2258064516127,2714.649387096774,1.1210925925925928,3,2,3,20767.63867816143,1
24401,High Risk,0.93497574,Hardship outreach,Persistent delayed payments,High,4516.129032258064,4222.471083870968,0.3972523809523809,0,2,6,1056.48637788978,1
29800,High Risk,0.93495125,Priority collections review,Severe delinquency history,High,645.1612903225806,603.1943548387096,1.012233333333333,0,8,6,2905.4313047578094,1
22311,High Risk,0.9349322,Hardship outreach,Persistent delayed payments,High,3225.806451612903,3015.910322580645,0.332465,0,2,6,2018.92255918844,0
26588,High Risk,0.9347504,Hardship outreach,Persistent delayed payments,High,2258.064516129032,2110.7267096774194,0.0254119047619047,2,2,3,1384.0908086779084,1
18117,High Risk,0.9347409,Hardship outreach,Persistent delayed payments,High,1935.483870967742,1809.175935483871,0.1131722222222222,1,2,5,1392.8641953423407,1
8471,High Risk,0.9346914,Priority collections review,Severe delinquency history,High,967.741935483871,904.540064516129,0.53665,0,4,6,528.2373519545924,1
3606,High Risk,0.93467236,Priority collections review,Severe delinquency history,High,967.741935483871,904.5216387096774,0.9614166666666668,2,3,2,1899.1544171025168,1
2936,High Risk,0.9346216,Hardship outreach,Persistent delayed payments,High,645.1612903225806,602.9816774193548,-0.1413999999999999,3,2,3,18864.73387037305,1
4528,High Risk,0.93454814,Hardship outreach,Persistent delayed payments,High,1935.483870967742,1808.8028516129032,0.8280166666666667,2,2,4,1522.951739222225,1
6839,High Risk,0.9344993,Hardship outreach,Persistent delayed payments,High,2580.6451612903224,2411.6110967741934,0.9770125000000002,0,2,6,2805.913754911224,1
15296,High Risk,0.9344785,Hardship outreach,Persistent delayed payments,High,967.741935483871,904.3340322580646,0.3198555555555555,0,2,6,1036.1312014733785,1
25740,High Risk,0.9343767,Hardship outreach,Persistent delayed payments,High,2903.2258064516127,2712.7065483870965,0.532162962962963,0,2,6,2081.6356709728693,1
330,High Risk,0.9343681,Hardship outreach,Persistent delayed payments,High,4838.709677419355,4521.135967741936,0.6933944444444444,0,2,6,3872.7104418826175,0
8858,High Risk,0.9343335,Hardship outreach,Persistent delayed payments,High,6129.032258064516,5726.560161290323,0.0059464912280701,2,2,3,1838.6330157665143,1
7069,High Risk,0.9343035,Hardship outreach,Persistent delayed payments,High,4838.709677419355,4520.823387096774,0.5502477777777778,0,2,6,19615.892764966546,1
18420,High Risk,0.93427247,Hardship outreach,Persistent delayed payments,High,967.741935483871,904.1346483870968,1.0052722222222223,1,2,5,1446.2494137135084,1
6321,High Risk,0.9340102,Priority collections review,Severe delinquency history,High,967.741935483871,903.8808387096774,0.8624166666666667,0,5,6,598.6370352726266,1
11452,High Risk,0.9338328,Priority collections review,Severe delinquency history,High,1612.9032258064515,1506.1819354838708,0.61142,0,5,6,3486.7744406542847,1
20652,High Risk,0.9336435,Priority collections review,Severe delinquency history,High,967.741935483871,903.5259677419355,0.8952055555555556,0,5,6,1361.913861691211,1
245,High Risk,0.93362856,Hardship outreach,Persistent delayed payments,High,967.741935483871,903.5115096774194,0.0034055555555555,2,2,4,77.51752490028733,0
11702,High Risk,0.9336095,Priority collections review,Severe delinquency history,High,4193.548387096774,3915.1366129032253,0.3818576923076922,0,3,6,2715.6013514505403,1
361,High Risk,0.9335778,Priority collections review,Severe delinquency history,High,16129.032258064515,15057.706451612903,0.975551,3,4,3,34561.840962252,1
16380,High Risk,0.9335707,Hardship outreach,Persistent delayed payments,High,967.741935483871,903.4555161290323,0.9816222222222222,0,2,6,1363.577451656732,1
23264,High Risk,0.93352133,Hardship outreach,Persistent delayed payments,High,4193.548387096774,3914.766867741935,0.6609038461538462,2,2,4,1938.4208779313124,1
10913,High Risk,0.93351895,Hardship outreach,Persistent delayed payments,High,322.5806451612903,301.13514516129027,0.6417166666666666,0,2,6,1974.967484964415,1
9812,High Risk,0.93336266,Hardship outreach,Persistent delayed payments,High,2903.2258064516127,2709.7625612903225,0.870587037037037,0,2,6,2715.021209248036,1
16854,High Risk,0.9332383,Priority collections review,Severe delinquency history,High,2580.6451612903224,2408.356903225806,0.0068749999999999,0,4,6,122.47448713915892,1
1836,High Risk,0.93318456,Hardship outreach,Persistent delayed payments,High,1612.9032258064515,1505.1363870967741,0.3234733333333333,0,2,6,1933.54282773014,1
9148,High Risk,0.933139,Hardship outreach,Persistent delayed payments,High,1612.9032258064515,1505.0629032258064,0.0254166666666666,2,2,3,1915.785104511116,1
24879,High Risk,0.93297225,Priority collections review,Severe delinquency history,High,645.1612903225806,601.9175806451613,0.9170333333333334,4,3,2,8991.193884388584,1
16971,High Risk,0.93286985,Priority collections review,Severe delinquency history,High,967.741935483871,902.7772741935484,1.1267277777777778,2,3,4,11363.210081956007,1
17295,High Risk,0.93273765,Priority collections review,Severe delinquency history,High,967.741935483871,902.6493387096774,0.9934277777777776,1,3,5,558.1080241912553,0
7969,High Risk,0.93271965,Hardship outreach,Persistent delayed payments,High,645.1612903225806,601.7546129032257,0.633975,2,2,4,1116.265873347385,1
1391,High Risk,0.9326326,Priority collections review,Severe delinquency history,High,1935.483870967742,1805.0953548387097,0.505675,0,4,6,1037.6999084513789,1
26315,High Risk,0.9323941,Hardship outreach,Persistent delayed payments,High,645.1612903225806,601.5445806451613,0.6147833333333333,2,2,4,1501.6703588559865,1
19249,High Risk,0.932282,Priority collections review,Severe delinquency history,High,7096.774193548387,6616.194838709678,0.0141977272727272,2,3,2,956.8516603946508,1
18726,High Risk,0.9321076,Hardship outreach,Persistent delayed payments,High,4516.129032258064,4209.518193548387,0.7089619047619048,0,2,6,2605.932974323528,1
13259,High Risk,0.9320947,Hardship outreach,Persistent delayed payments,High,6451.612903225806,6013.514193548387,0.9359466666666668,1,2,5,6830.199928747816,1
7217,High Risk,0.9320854,Credit line review,Utilization above approved limit,High,2580.6451612903224,2405.3816774193547,1.002247916666667,4,2,1,1486.4686228328758,1
24782,High Risk,0.93206537,Hardship outreach,Persistent delayed payments,High,3870.967741935484,3607.9949806451614,0.64765,0,2,6,2939.295697952147,1
8608,High Risk,0.9317811,Hardship outreach,Persistent delayed payments,High,4516.129032258064,4208.043677419355,0.2371785714285714,2,2,3,1863.4124610509607,0
20696,High Risk,0.93168867,Hardship outreach,Persistent delayed payments,High,1612.9032258064515,1502.7236612903225,1.08075,2,2,4,1494.0383863877128,1
20669,High Risk,0.93167657,Hardship outreach,Persistent delayed payments,High,1935.483870967742,1803.2449741935484,0.7830416666666666,1,2,5,1303.809150144299,1
8042,High Risk,0.93165714,Hardship outreach,Persistent delayed payments,High,3870.967741935484,3606.414735483871,0.3377083333333333,2,2,3,1809.2861575770703,1
10540,High Risk,0.93164283,Priority collections review,Severe delinquency history,High,7096.774193548387,6611.658793548388,0.873465909090909,0,4,6,15144.829622679814,1
24866,High Risk,0.9315527,Priority collections review,Severe delinquency history,High,2903.2258064516127,2704.5078387096773,0.0117833333333333,4,3,2,1275.881616765443,1
26149,High Risk,0.93152714,Hardship outreach,Persistent delayed payments,High,2580.6451612903224,2403.941006451613,1.017110416666667,3,2,3,4576.154255121506,1
2865,High Risk,0.9315025,Hardship outreach,Persistent delayed payments,High,1612.9032258064515,1502.4233870967741,0.6172300000000001,0,2,6,1934.0565400215169,0
3064,High Risk,0.93143666,Hardship outreach,Persistent delayed payments,High,1612.9032258064515,1502.317193548387,0.91559,2,2,3,2543.328901263067,0
6155,High Risk,0.93141115,Hardship outreach,Persistent delayed payments,High,967.741935483871,901.3656290322581,0.8324055555555555,0,2,6,828.0887432314646,1
16536,High Risk,0.93134296,Hardship outreach,Persistent delayed payments,High,1612.9032258064515,1502.166064516129,0.8194233333333334,0,2,6,1593.942209324625,1
4146,High Risk,0.93121976,Hardship outreach,Persistent delayed payments,High,1612.9032258064515,1501.9673548387095,0.8973,0,2,6,1904.391976458628,1
9782,High Risk,0.9312037,Hardship outreach,Persistent delayed payments,High,967.741935483871,901.1648709677419,0.7952944444444445,1,2,5,1375.5979669462536,1
11389,High Risk,0.9311981,Hardship outreach,Persistent delayed payments,High,322.5806451612903,300.3864838709677,0.6335333333333334,2,2,3,1817.5611864987288,1
29346,High Risk,0.9311138,Hardship outreach,Persistent delayed payments,High,645.1612903225806,600.7185806451613,0.9678583333333332,1,2,5,1095.4482948394536,1
1122,High Risk,0.9310742,Priority collections review,Severe delinquency history,High,645.1612903225806,600.6930322580645,0.8600166666666667,0,4,6,7601.080124999779,1
12520,High Risk,0.93106574,Priority collections review,Severe delinquency history,High,3225.806451612903,3003.4378709677417,0.985735,0,3,6,2388.9181442653075,1
19815,High Risk,0.93081623,Priority collections review,Severe delinquency history,High,3225.806451612903,3002.633,0.6342233333333333,2,3,4,48363.84697133456,1
411,High Risk,0.9307426,Hardship outreach,Persistent delayed payments,High,1935.483870967742,1801.4372903225806,0.5156361111111111,0,2,6,1715.253032839956,1
17845,High Risk,0.930726,Priority collections review,Severe delinquency history,High,645.1612903225806,600.4683870967742,0.9787583333333334,3,3,3,4565.939352057434,1
21182,High Risk,0.93045044,Hardship outreach,Persistent delayed payments,High,1612.9032258064515,1500.726516129032,0.4218633333333333,0,2,6,1211.8266240129676,1
11749,High Risk,0.9304098,Hardship outreach,Persistent delayed payments,High,3225.806451612903,3001.3219354838707,0.483115,0,2,6,2349.3647439254723,0
23969,High Risk,0.9304006,Hardship outreach,Persistent delayed payments,High,3870.967741935484,3601.5507096774195,0.3480847222222222,1,2,5,25203.140228286367,1
28996,High Risk,0.9303884,Hardship outreach,Persistent delayed payments,High,3225.806451612903,3001.252903225806,0.4457566666666667,2,2,3,2811.200645038818,1
12973,High Risk,0.9302944,Hardship outreach,Persistent delayed payments,High,967.741935483871,900.2849032258064,0.6744833333333333,2,2,4,786.923058500639,1
25007,High Risk,0.9302667,Credit line review,Utilization above approved limit,High,967.741935483871,900.2580967741935,1.3029777777777778,4,2,2,11582.409121882489,1
17951,High Risk,0.93018794,Priority collections review,Severe delinquency history,High,6451.612903225806,6001.212516129032,0.48283,0,3,6,4985.965382952433,1
15910,High Risk,0.9301104,Priority collections review,Severe delinquency history,High,1612.9032258064515,1500.1780645161289,0.8346999999999999,0,3,6,1396.207291199985,0
29802,High Risk,0.93003225,Hardship outreach,Persistent delayed payments,High,8387.096774193547,7800.270483870967,0.5298897435897435,0,2,6,9513.021679081085,0
474,High Risk,0.92998904,Hardship outreach,Persistent delayed payments,High,1935.483870967742,1799.9787870967743,0.53345,2,2,3,2238.1562948105297,0
18749,High Risk,0.9299642,Hardship outreach,Persistent delayed payments,High,1935.483870967742,1799.9307096774194,0.8618833333333332,0,2,6,10252.382181717574,1
5580,High Risk,0.92981637,Priority collections review,Severe delinquency history,High,967.741935483871,899.822293548387,0.8930833333333333,0,3,6,1457.7476804989262,1
5148,High Risk,0.9297938,Hardship outreach,Persistent delayed payments,High,1612.9032258064515,1499.6674193548386,0.3094966666666667,0,2,6,1229.0724009051162,1
898,High Risk,0.9297869,Hardship outreach,Persistent delayed payments,High,5483.870967741936,5098.831387096774,0.7994323529411765,0,2,6,5449.319251062467,1
20597,High Risk,0.92977154,Hardship outreach,Persistent delayed payments,High,6451.612903225806,5998.526064516128,0.5676583333333335,1,2,5,2094.0842071575503,1
15872,High Risk,0.92976254,Hardship outreach,Persistent delayed payments,High,967.741935483871,899.7702,0.698238888888889,0,2,6,1400.7372939515342,0
17154,High Risk,0.92972404,Priority collections review,Severe delinquency history,High,2903.2258064516127,2699.198825806451,1.1051796296296297,2,3,4,34387.36575788653,1
1626,High Risk,0.9296854,Hardship outreach,Persistent delayed payments,High,645.1612903225806,599.7970322580645,0.8437833333333332,1,2,5,422.9267864142288,1
15903,High Risk,0.92965263,Hardship outreach,Persistent delayed payments,High,6451.612903225806,5997.758903225806,0.5417299999999999,2,2,4,64940.43790428272,1
27085,High Risk,0.9296068,Hardship outreach,Persistent delayed payments,High,4516.129032258064,4198.224258064516,0.6563333333333333,2,2,4,1527.6610444292498,1
2904,High Risk,0.92955464,Hardship outreach,Persistent delayed payments,High,1935.483870967742,1799.138012903226,0.8206861111111111,3,2,3,1859.8201436339664,1
27137,High Risk,0.9293766,Priority collections review,Severe delinquency history,High,967.741935483871,899.3967096774194,0.7505666666666667,2,3,3,2754.464811900853,1
16771,High Risk,0.9291422,Priority collections review,Severe delinquency history,High,1290.3225806451612,1198.8931612903225,0.9748125,3,3,2,1214.8843154802846,1
11672,High Risk,0.9290916,Priority collections review,Severe delinquency history,High,3548.3870967741937,3296.7766451612906,0.4464075757575758,0,3,6,3776.3914742339234,1
5189,High Risk,0.9289709,Hardship outreach,Persistent delayed payments,High,4516.129032258064,4195.352451612904,0.8221285714285714,0,2,6,1031.3678296320863,0
11498,High Risk,0.9288819,Hardship outreach,Persistent delayed payments,High,8064.516129032258,7490.983064516129,1.2536166666666666,0,2,6,31073.869333680777,1
28671,High Risk,0.9287984,Hardship outreach,Persistent delayed payments,High,9354.838709677419,8688.75922580645,0.91742816091954,3,2,3,51081.65775468398,1
15789,High Risk,0.92876744,Hardship outreach,Persistent delayed payments,High,967.741935483871,898.8072,1.001772222222222,0,2,6,1124.6262342070218,1
18260,High Risk,0.9287226,Priority collections review,Severe delinquency history,High,645.1612903225806,599.1758709677418,0.9396,0,4,6,1729.2829727953722,1
3820,High Risk,0.92871696,Hardship outreach,Persistent delayed payments,High,967.741935483871,898.7583483870968,0.5766888888888889,3,2,3,1388.6565690143357,1
4641,High Risk,0.9286239,Priority collections review,Severe delinquency history,High,4838.709677419355,4493.341451612903,0.5152511111111112,2,3,3,1243.1078258408106,0
11617,High Risk,0.9286129,Priority collections review,Severe delinquency history,High,967.741935483871,898.6576451612902,0.8049722222222222,0,3,6,9226.030596451905,1
12905,High Risk,0.9285845,Priority collections review,Severe delinquency history,High,1612.9032258064515,1497.7169354838709,0.52338,3,3,3,7447.967830220536,1
14281,High Risk,0.9285455,Hardship outreach,Persistent delayed payments,High,4516.129032258064,4193.431290322581,0.923545238095238,0,2,6,9639.749823862996,1
19099,High Risk,0.9285323,Priority collections review,Severe delinquency history,High,2580.6451612903224,2396.212387096774,0.9401041666666666,3,3,2,5411.69831630207,1
176,High Risk,0.928532,Priority collections review,Severe delinquency history,High,4193.548387096774,3893.8438709677416,0.526378205128205,0,3,6,3144.661598116189,1
25472,High Risk,0.9285237,Credit line review,Utilization above approved limit,High,4516.129032258064,4193.332838709677,1.1630142857142858,5,2,1,53497.42211359348,1
15309,High Risk,0.928442,Hardship outreach,Persistent delayed payments,High,1612.9032258064515,1497.4870967741933,0.3347666666666666,1,2,5,1416.460047677543,0
26681,High Risk,0.9284385,Hardship outreach,Persistent delayed payments,High,2903.2258064516127,2695.4666129032257,0.887587037037037,1,2,5,16318.31478329385,1
29106,High Risk,0.9282992,Priority collections review,Severe delinquency history,High,1612.9032258064515,1497.2567741935482,0.0335633333333333,2,3,3,1971.1880089597407,1
8408,High Risk,0.92829764,Hardship outreach,Persistent delayed payments,High,1612.9032258064515,1497.254258064516,0.65592,0,2,6,1131.2377292152169,0
13697,High Risk,0.92819315,Hardship outreach,Persistent delayed payments,High,967.741935483871,898.251435483871,0.9954055555555557,0,2,6,1325.8367043745118,0
14415,High Risk,0.927828,Hardship outreach,Persistent delayed payments,High,645.1612903225806,598.5987096774193,0.6035416666666666,3,2,3,10845.469790039831,1
11436,High Risk,0.9277508,Hardship outreach,Persistent delayed payments,High,645.1612903225806,598.5489032258064,0.3999666666666666,0,2,6,1140.99406951424,1
9198,High Risk,0.9276615,Priority collections review,Severe delinquency history,High,645.1612903225806,598.4912903225807,0.3829666666666667,4,3,2,9910.58064225637,1
13422,High Risk,0.9276309,Hardship outreach,Persistent delayed payments,High,3225.806451612903,2992.357741935484,0.7681183333333333,0,2,6,2739.445156718175,0
9715,High Risk,0.9274997,Hardship outreach,Persistent delayed payments,High,322.5806451612903,299.19345161290323,0.8803833333333334,2,2,3,1428.951002192401,0
29921,High Risk,0.9273054,Credit line review,Utilization above approved limit,High,1612.9032258064515,1495.6538709677418,1.0759366666666663,5,2,1,28610.94966209033,1
19036,High Risk,0.92719686,Hardship outreach,Persistent delayed payments,High,1612.9032258064515,1495.4788064516129,0.5242466666666666,0,2,6,1142.5271404507932,1
20739,High Risk,0.9271641,Priority collections review,Severe delinquency history,High,967.741935483871,897.2555806451613,0.9204111111111112,0,3,6,2890.303352014571,1
15009,High Risk,0.9270237,Priority collections review,Severe delinquency history,High,967.741935483871,897.1197096774193,0.7565333333333334,0,3,6,1119.7910519378158,1
24828,High Risk,0.9268241,Hardship outreach,Persistent delayed payments,High,645.1612903225806,597.9510322580645,0.6124666666666666,3,2,3,1301.2333636464546,1
15603,High Risk,0.9267575,Priority collections review,Severe delinquency history,High,1935.483870967742,1793.7241935483871,0.0087777777777777,3,3,2,382.6950047579229,1
5593,High Risk,0.92675436,Priority collections review,Severe delinquency history,High,967.741935483871,896.8590580645161,0.9244611111111112,0,3,6,809.2869495220262,0
20465,High Risk,0.9267479,Hardship outreach,Persistent delayed payments,High,4838.709677419355,4484.264032258065,1.0861411111111112,1,2,5,10875.220170951328,1
13562,High Risk,0.9267154,Priority collections review,Severe delinquency history,High,10322.58064516129,9566.094451612902,1.0213833333333333,0,4,6,10272.466649576754,1
28684,High Risk,0.9267001,Hardship outreach,Persistent delayed payments,High,7419.354838709677,6875.516870967742,0.967918115942029,0,2,6,7487.181349925129,1
2017,High Risk,0.92668587,Hardship outreach,Persistent delayed payments,High,645.1612903225806,597.8618516129033,0.322225,0,2,6,758.4515146006368,1
5085,High Risk,0.9264315,Hardship outreach,Persistent delayed payments,High,4516.129032258064,4183.884193548387,0.9625452380952382,0,2,6,2449.7935967478293,1
16515,High Risk,0.926429,Priority collections review,Severe delinquency history,High,645.1612903225806,597.696129032258,0.9687666666666664,0,4,6,1870.3914741750368,1
29918,High Risk,0.92622787,Priority collections review,Severe delinquency history,High,967.741935483871,896.3495516129032,0.8283222222222223,4,3,2,12278.243500870418,1
8472,High Risk,0.9261647,Priority collections review,Severe delinquency history,High,967.741935483871,896.2884193548387,0.7945388888888889,4,3,1,3956.753892607761,1
6282,High Risk,0.9261157,Priority collections review,Severe delinquency history,High,967.741935483871,896.241,0.5135777777777778,3,4,3,12203.817692290666,1
23040,High Risk,0.92605734,Priority collections review,Severe delinquency history,High,7096.774193548387,6572.0198322580645,1.0709174242424242,0,8,6,8661.861195301311,1
1667,High Risk,0.92595,Hardship outreach,Persistent delayed payments,High,2903.2258064516127,2688.2419354838707,0.5713203703703703,0,2,6,1647.5192765690683,0
10129,High Risk,0.9258003,Hardship outreach,Persistent delayed payments,High,4193.548387096774,3882.3883548387093,0.5322666666666667,2,2,4,2115.0176989015167,1
7556,High Risk,0.9257231,Hardship outreach,Persistent delayed payments,High,9677.41935483871,8958.61064516129,0.5456961111111112,0,2,6,6568.014750795453,1
13084,High Risk,0.9255811,Priority collections review,Severe delinquency history,High,645.1612903225806,597.1490967741936,0.5595833333333334,2,3,4,776.1346962136577,1
3171,High Risk,0.9255192,Hardship outreach,Persistent delayed payments,High,645.1612903225806,597.1091612903225,0.5833166666666666,2,2,4,1305.3156961695763,1
23526,High Risk,0.9254895,Hardship outreach,Persistent delayed payments,High,645.1612903225806,597.0899999999999,0.857825,2,2,4,1059.356361192965,1
25103,High Risk,0.9254227,Hardship outreach,Persistent delayed payments,High,1612.9032258064515,1492.6172580645161,1.0029833333333331,2,2,4,737.9391347981666,1
6301,High Risk,0.925368,Hardship outreach,Persistent delayed payments,High,967.741935483871,895.5174193548387,0.298911111111111,0,2,6,1181.913646027774,0
2013,High Risk,0.9251852,Priority collections review,Severe delinquency history,High,645.1612903225806,596.8936774193548,0.9764333333333336,3,3,2,1660.967147979353,1
15407,High Risk,0.92502165,Hardship outreach,Persistent delayed payments,High,1612.9032258064515,1491.9704032258064,0.8620466666666665,2,2,4,1742.1151129206894,0
91,High Risk,0.9244846,Hardship outreach,Persistent delayed payments,High,6451.612903225806,5964.416774193548,0.7184724999999998,0,2,6,4158.173529327511,1
14696,High Risk,0.92442745,Hardship outreach,Persistent delayed payments,High,967.741935483871,894.6072096774194,0.97415,1,2,5,847.5604403226946,1
4858,High Risk,0.9243563,Hardship outreach,Persistent delayed payments,High,1612.9032258064515,1490.897258064516,0.9341533333333332,2,2,4,1399.4171167549248,1
22859,High Risk,0.9243494,Hardship outreach,Persistent delayed payments,High,967.741935483871,894.5316774193549,1.192977777777778,3,2,3,4215.174713658577,1
20267,High Risk,0.9242918,Hardship outreach,Persistent delayed payments,High,645.1612903225806,596.3172903225806,0.554925,2,2,4,1543.0671728735597,1
17960,High Risk,0.9242369,Hardship outreach,Persistent delayed payments,High,2580.6451612903224,2385.127483870968,0.8673812499999999,0,2,6,3297.2714022354908,1
19961,High Risk,0.9241985,Hardship outreach,Persistent delayed payments,High,645.1612903225806,596.2570967741935,0.0799416666666666,3,2,3,1763.608960814916,1
24257,High Risk,0.92413384,Hardship outreach,Persistent delayed payments,High,9032.258064516129,8347.015329032258,0.4024369047619047,0,2,6,3573.006670392132,0
19050,High Risk,0.924108,Priority collections review,Severe delinquency history,High,3225.806451612903,2980.993548387097,1.0160966666666666,0,4,6,2354.756010007548,1
29170,High Risk,0.9240851,Priority collections review,Severe delinquency history,High,645.1612903225806,596.183935483871,0.4797333333333333,2,3,4,762.4868960622646,1
24316,High Risk,0.9240091,Priority collections review,Severe delinquency history,High,645.1612903225806,596.1349032258064,0.8007,2,3,4,625.5576712022641,1
27112,High Risk,0.92382926,Hardship outreach,Persistent delayed payments,High,2258.064516129032,2086.066070967742,0.1826071428571428,0,2,6,1377.9673073044949,1
26151,High Risk,0.9237564,Priority collections review,Severe delinquency history,High,1612.9032258064515,1489.9296774193547,0.93469,0,3,6,1775.3080577747628,1
13451,High Risk,0.9237223,Priority collections review,Severe delinquency history,High,1290.3225806451612,1191.899741935484,0.3851125,2,3,3,1128.7234825235098,0
12593,High Risk,0.92369896,Priority collections review,Severe delinquency history,High,2258.064516129032,2085.77184516129,0.6811119047619049,2,3,4,24740.239218056617,1
6726,High Risk,0.92363733,Hardship outreach,Persistent delayed payments,High,6451.612903225806,5958.950516129032,0.0246016666666666,3,2,3,1422.6168376153385,1
26565,High Risk,0.92359143,Priority collections review,Severe delinquency history,High,6451.612903225806,5958.6543870967735,0.8184741666666667,0,3,6,3624.9875264153206,0
15571,High Risk,0.9235533,Hardship outreach,Persistent delayed payments,High,4193.548387096774,3872.965451612903,0.4974076923076923,0,2,6,2929.989419776119,0
14037,High Risk,0.9234266,Priority collections review,Severe delinquency history,High,645.1612903225806,595.7590967741935,0.2071833333333333,3,3,3,5648.423378843575,1
4660,High Risk,0.92327255,Hardship outreach,Persistent delayed payments,High,3225.806451612903,2978.2985483870966,0.47163,0,2,6,2057.853055978488,1
196,High Risk,0.92324495,Hardship outreach,Persistent delayed payments,High,1612.9032258064515,1489.1047580645159,0.7625299999999999,0,2,6,1406.5517765087782,1
25163,High Risk,0.92315227,Priority collections review,Severe delinquency history,High,4193.548387096774,3871.2837129032255,0.07525,2,3,4,727.9815244908349,1
11296,High Risk,0.9231485,Priority collections review,Severe delinquency history,High,4193.548387096774,3871.267903225806,0.0772858974358974,3,3,3,728.9261736737587,1
8887,High Risk,0.92303973,Hardship outreach,Persistent delayed payments,High,2258.064516129032,2084.2832612903226,0.5768642857142857,3,2,3,1435.0033797869603,1
4883,High Risk,0.9230197,Hardship outreach,Persistent delayed payments,High,1612.9032258064515,1488.7414516129031,0.9472666666666668,0,2,6,2816.193151519737,1
19352,High Risk,0.9229347,Priority collections review,Severe delinquency history,High,3870.967741935484,3572.6504516129035,0.5140333333333333,0,3,6,2217.069597464184,1
21411,High Risk,0.92266953,Hardship outreach,Persistent delayed payments,High,967.741935483871,892.9059967741936,0.6411333333333332,1,2,5,2212.68027514144,0
7400,High Risk,0.92265004,Hardship outreach,Persistent delayed payments,High,1290.3225806451612,1190.516180645161,0.7074750000000001,1,2,5,1154.4494791891068,1
4609,High Risk,0.92264223,Hardship outreach,Persistent delayed payments,High,5161.290322580645,4762.024412903225,0.493340625,0,2,6,2723.399842109124,0
3674,High Risk,0.9225684,Hardship outreach,Persistent delayed payments,High,645.1612903225806,595.2054193548387,0.843875,1,2,5,1260.6429708684375,1
9329,High Risk,0.9225594,Priority collections review,Severe delinquency history,High,2258.064516129032,2083.19864516129,0.3245476190476191,3,3,2,1153.766989762953,1
4861,High Risk,0.92249495,Hardship outreach,Persistent delayed payments,High,6774.193548387097,6249.159338709677,0.4367,0,2,6,2817.036740974459,1
3157,High Risk,0.92236084,Priority collections review,Severe delinquency history,High,2258.064516129032,2082.7502838709675,0.4439142857142857,1,3,5,812.4602144105273,1
25887,High Risk,0.922349,Hardship outreach,Persistent delayed payments,High,1290.3225806451612,1190.1277419354838,0.3379916666666666,0,2,6,4906.549242254343,1
14099,High Risk,0.92229027,Credit line review,Utilization above approved limit,High,645.1612903225806,595.0259806451612,1.1407833333333333,4,2,2,6625.242536440962,1
2097,High Risk,0.92229015,Hardship outreach,Persistent delayed payments,High,2580.6451612903224,2380.103612903226,1.2335625,3,2,3,3626.2869715454126,1
1102,High Risk,0.92224455,Hardship outreach,Persistent delayed payments,High,967.741935483871,892.4947258064517,0.89215,3,2,3,1402.0996754867324,1
10125,High Risk,0.9222355,Hardship outreach,Persistent delayed payments,High,645.1612903225806,594.9906451612903,0.42445,0,2,6,1133.2394274821186,0
3959,High Risk,0.92222184,Hardship outreach,Persistent delayed payments,High,1612.9032258064515,1487.454580645161,0.7717366666666666,2,2,4,2120.157957951876,1
8564,High Risk,0.9221973,Hardship outreach,Persistent delayed payments,High,645.1612903225806,594.966,0.1706166666666666,3,2,3,5288.488694009534,1
7923,High Risk,0.92219627,Hardship outreach,Persistent delayed payments,High,1612.9032258064515,1487.4133387096774,1.1418366666666666,3,2,3,3189.871684984628,1
16595,High Risk,0.92217183,Priority collections review,Severe delinquency history,High,322.5806451612903,297.4747838709677,0.54215,2,3,3,3928.8539677621006,1
4932,High Risk,0.922147,Hardship outreach,Persistent delayed payments,High,967.741935483871,892.4003225806453,0.5848055555555556,0,2,6,1031.8655758705524,1
2458,High Risk,0.9221297,Hardship outreach,Persistent delayed payments,High,967.741935483871,892.3835806451614,0.3347944444444444,1,2,5,1159.659849553595,0
5151,High Risk,0.92212695,Hardship outreach,Persistent delayed payments,High,645.1612903225806,594.9206129032258,0.3353916666666667,3,2,3,871.7551070493746,1
4543,High Risk,0.92208,Hardship outreach,Persistent delayed payments,High,3225.806451612903,2974.4516129032254,0.8288450000000002,0,2,6,2151.199363146057,0
21801,High Risk,0.92205113,Priority collections review,Severe delinquency history,High,1612.9032258064515,1487.1792419354838,0.8715166666666666,0,3,6,1577.2676902373505,1
16915,High Risk,0.92203796,Priority collections review,Severe delinquency history,High,645.1612903225806,594.8632,0.6017083333333334,0,3,6,1112.8704177336492,1
19070,High Risk,0.9219866,Hardship outreach,Persistent delayed payments,High,967.741935483871,892.2450967741936,0.923622222222222,0,2,6,1448.023572552141,1
1084,High Risk,0.921868,Hardship outreach,Persistent delayed payments,High,1612.9032258064515,1486.8838709677418,0.9805466666666668,0,2,6,1351.227540670581,1
3767,High Risk,0.9217532,Hardship outreach,Persistent delayed payments,High,3225.806451612903,2973.397419354839,0.4978733333333333,0,2,6,2086.7011924726226,1
7057,High Risk,0.9216763,Hardship outreach,Persistent delayed payments,High,3225.806451612903,2973.1493548387093,0.496875,1,2,5,1582.859027203623,1
502,High Risk,0.9216707,Hardship outreach,Persistent delayed payments,High,2903.2258064516127,2675.818161290322,0.3013703703703703,0,2,6,3655.5608963149098,0
26555,High Risk,0.9216089,Hardship outreach,Persistent delayed payments,High,645.1612903225806,594.5863870967742,0.4979166666666667,2,2,4,1294.3289638521833,0
29788,High Risk,0.92136693,Credit line review,Utilization above approved limit,High,1612.9032258064515,1486.075693548387,1.017623333333333,3,2,2,775.5703492699206,0
21741,High Risk,0.92127806,Hardship outreach,Persistent delayed payments,High,1612.9032258064515,1485.9323548387097,0.8661466666666667,2,2,4,2833.161179083652,1
28151,High Risk,0.9211238,Priority collections review,Severe delinquency history,High,645.1612903225806,594.2734193548387,1.03605,0,5,6,1998.2412266791011,1
17909,High Risk,0.9210958,Hardship outreach,Persistent delayed payments,High,4193.548387096774,3862.6598064516124,0.5485397435897436,2,2,4,1576.976780636502,1
22011,High Risk,0.92104185,Hardship outreach,Persistent delayed payments,High,3225.806451612903,2971.1027419354837,0.7341366666666667,1,2,5,1906.0096187235436,1
12931,High Risk,0.9210154,Hardship outreach,Persistent delayed payments,High,1612.9032258064515,1485.5087096774193,0.65051,2,2,4,1795.17227585544,1
29301,High Risk,0.92079943,Hardship outreach,Persistent delayed payments,High,6451.612903225806,5940.641483870967,0.7558366666666666,0,2,6,5559.7889408381925,1
21640,High Risk,0.9206717,Priority collections review,Severe delinquency history,High,1612.9032258064515,1484.9543548387096,0.2115266666666666,2,3,4,1214.1414524949992,1
21018,High Risk,0.9206256,Hardship outreach,Persistent delayed payments,High,1612.9032258064515,1484.8799999999999,0.96794,3,2,3,1474.659689555526,1
29557,High Risk,0.9206174,Hardship outreach,Persistent delayed payments,High,2580.6451612903224,2375.7868387096773,1.03125625,0,2,6,11491.00585240474,1
18914,High Risk,0.9205534,Priority collections review,Severe delinquency history,High,1612.9032258064515,1484.7635483870965,0.94247,0,3,6,1249.8999559964789,1
21309,High Risk,0.9205274,Credit line review,Utilization above approved limit,High,645.1612903225806,593.8886451612902,1.5021916666666666,5,2,1,31248.95540920795,1
16093,High Risk,0.9204596,Hardship outreach,Persistent delayed payments,High,1290.3225806451612,1187.6898064516129,0.6702208333333334,1,2,5,1115.6410563737186,1
29717,High Risk,0.92016876,Hardship outreach,Persistent delayed payments,High,1612.9032258064515,1484.1431612903225,0.61277,3,2,3,11518.61038059713,1
12589,High Risk,0.92005044,Hardship outreach,Persistent delayed payments,High,967.741935483871,890.3713935483871,1.1066166666666668,2,2,4,1461.0219368647413,1
12925,High Risk,0.9198309,Priority collections review,Severe delinquency history,High,967.741935483871,890.158935483871,0.9804777777777778,3,4,3,3267.543582978912,1
20447,High Risk,0.91971344,Priority collections review,Severe delinquency history,High,2903.2258064516127,2670.135793548387,0.2731314814814815,0,3,6,725.4144792232001,1
17904,High Risk,0.9197057,Priority collections review,Severe delinquency history,High,1612.9032258064515,1483.3962903225804,0.008,0,4,6,0.0,0
25286,High Risk,0.91963065,Hardship outreach,Persistent delayed payments,High,4516.129032258064,4153.170677419354,0.8827404761904764,0,2,6,3574.5196973393035,1
3482,High Risk,0.9194837,Hardship outreach,Persistent delayed payments,High,1290.3225806451612,1186.4305806451612,0.5407291666666666,3,2,3,1465.172401687483,1
8191,High Risk,0.919405,Hardship outreach,Persistent delayed payments,High,6129.032258064516,5635.062903225807,0.8375587719298245,0,2,6,7752.628158674106,1
7068,High Risk,0.9193298,Priority collections review,Severe delinquency history,High,2903.2258064516127,2669.022,0.014074074074074,0,3,6,806.01902376226,0
15498,High Risk,0.9192729,Hardship outreach,Persistent delayed payments,High,4838.709677419355,4448.094677419354,0.3695344444444444,0,2,6,2096.3952315025585,1
12094,High Risk,0.91921246,Hardship outreach,Persistent delayed payments,High,2258.064516129032,2075.6410387096776,0.3919571428571429,0,2,6,769.7628206142462,0
3510,High Risk,0.919145,Hardship outreach,Persistent delayed payments,High,1612.9032258064515,1482.4919354838707,0.89018,2,2,4,2060.675811475449,1
17513,High Risk,0.91913253,Hardship outreach,Persistent delayed payments,High,1290.3225806451612,1185.977458064516,0.6353916666666667,0,2,6,1018.8887410638448,1
19810,High Risk,0.91896677,Hardship outreach,Persistent delayed payments,High,967.741935483871,889.3226806451613,0.4799833333333332,2,2,4,1219.0801040128576,0
9306,High Risk,0.9188646,Priority collections review,Severe delinquency history,High,4516.129032258064,4149.711096774194,0.7650880952380953,1,3,5,1896.8111837150968,1
18640,High Risk,0.91876245,Priority collections review,Severe delinquency history,High,2258.064516129032,2074.6248870967743,0.5387809523809524,2,4,4,3792.4196849329146,1
9707,High Risk,0.9187443,Hardship outreach,Persistent delayed payments,High,3225.806451612903,2963.6912903225802,0.4635633333333333,1,2,5,1935.3169938453664,1
18072,High Risk,0.9186079,Hardship outreach,Persistent delayed payments,High,1935.483870967742,1777.9507741935486,0.8466722222222223,0,2,6,1947.445266667761,1
20149,High Risk,0.9186026,Hardship outreach,Persistent delayed payments,High,1612.9032258064515,1481.6170967741934,1.00673,2,2,4,1189.3954346641826,1
11818,High Risk,0.91854745,Hardship outreach,Persistent delayed payments,High,967.741935483871,888.9168870967742,0.815111111111111,0,2,6,12067.31933225713,0
18758,High Risk,0.9184174,Hardship outreach,Persistent delayed payments,High,5161.290322580645,4740.218838709678,0.945625,1,2,5,4224.471233184101,0
2464,High Risk,0.91827124,Priority collections review,Severe delinquency history,High,645.1612903225806,592.4330580645161,0.9641166666666666,0,3,6,494.4656374983672,1
19053,High Risk,0.91821384,Priority collections review,Severe delinquency history,High,645.1612903225806,592.3960258064516,0.9045333333333332,0,4,6,2235.220138301073,1
9167,High Risk,0.9182029,Priority collections review,Severe delinquency history,High,967.741935483871,888.5834516129033,0.7583333333333334,0,4,6,2007.3281744647536,1
18919,High Risk,0.9180367,Hardship outreach,Persistent delayed payments,High,6129.032258064516,5626.676548387097,0.8641535087719298,0,2,6,6071.543178358091,1
17932,High Risk,0.9180105,Credit line review,Utilization above approved limit,High,7419.354838709677,6811.04564516129,1.0356434782608697,3,2,2,9433.698383984936,1
1787,High Risk,0.91796625,Hardship outreach,Persistent delayed payments,High,1290.3225806451612,1184.4725806451613,0.6157625000000001,2,2,4,1884.6716159586,1
18911,High Risk,0.91791004,Priority collections review,Severe delinquency history,High,3548.3870967741937,3257.100141935484,0.005,0,4,6,122.47448713915892,1
20429,High Risk,0.9176112,Priority collections review,Severe delinquency history,High,645.1612903225806,592.0072258064515,0.4216166666666667,4,4,2,2281.004223289967,1
405,High Risk,0.9175922,Hardship outreach,Persistent delayed payments,High,5161.290322580645,4735.959741935483,1.0154322916666665,0,2,6,5778.73696984615,1
7960,High Risk,0.9175813,Hardship outreach,Persistent delayed payments,High,1612.9032258064515,1479.9698387096773,0.66859,0,2,6,1665.4919693592042,0
9538,High Risk,0.9175571,Hardship outreach,Persistent delayed payments,High,1290.3225806451612,1183.9446451612903,0.8705124999999999,1,2,5,3375.8637265150383,1
20130,High Risk,0.91755277,Hardship outreach,Persistent delayed payments,High,4516.129032258064,4143.786703225806,0.9863892857142856,3,2,3,3136.2142624508297,1
14346,High Risk,0.91754097,Hardship outreach,Persistent delayed payments,High,967.741935483871,887.9428741935484,0.9312166666666664,2,2,4,1401.992403688408,1
11682,High Risk,0.9173761,Priority collections review,Severe delinquency history,High,3225.806451612903,2959.277741935484,0.9454783333333332,0,3,6,4005.218516718741,1
9288,High Risk,0.91736645,Priority collections review,Severe delinquency history,High,2580.6451612903224,2367.397290322581,0.565925,3,3,3,41062.01427597044,1
4791,High Risk,0.9173071,Hardship outreach,Persistent delayed payments,High,4838.709677419355,4438.582741935485,0.1553433333333333,3,2,3,32453.939364890663,1
19712,High Risk,0.91720265,Priority collections review,Severe delinquency history,High,7096.774193548387,6509.180096774194,0.0232333333333333,1,3,5,700.3840851037855,1
13501,High Risk,0.91716284,Hardship outreach,Persistent delayed payments,High,4516.129032258064,4142.025729032258,0.3338809523809523,0,2,6,1656.455090446664,1
15923,High Risk,0.9170164,Hardship outreach,Persistent delayed payments,High,2580.6451612903224,2366.4939354838707,0.7514041666666667,2,2,4,33075.7891193342,1
26948,High Risk,0.91697574,Hardship outreach,Persistent delayed payments,High,2580.6451612903224,2366.3890064516127,0.7379333333333333,2,2,4,1276.4387437972364,1
24724,High Risk,0.91683704,Hardship outreach,Persistent delayed payments,High,967.741935483871,887.2616516129033,0.6591333333333333,2,2,4,2671.7725951135885,1
28941,High Risk,0.91676813,Hardship outreach,Persistent delayed payments,High,645.1612903225806,591.4633096774194,0.5493666666666667,2,2,4,1156.776671041851,0
3951,High Risk,0.9167406,Hardship outreach,Persistent delayed payments,High,3870.967741935484,3548.6732903225807,0.901552777777778,2,2,3,21614.558784917783,0
12279,High Risk,0.91654813,Hardship outreach,Persistent delayed payments,High,645.1612903225806,591.3213741935484,0.4707583333333333,2,2,4,1081.741450933016,1
23386,High Risk,0.9165215,Priority collections review,Severe delinquency history,High,9677.41935483871,8869.562903225808,0.0203994444444444,1,3,5,1643.12086185608,1
9585,High Risk,0.9164851,Hardship outreach,Persistent delayed payments,High,3225.806451612903,2956.4035483870966,0.3111916666666667,2,2,4,696.5705755102397,1
12084,High Risk,0.91647816,Priority collections review,Severe delinquency history,High,967.741935483871,886.9143483870968,0.1929111111111111,3,3,3,5219.407731406569,1
23896,High Risk,0.9164537,Hardship outreach,Persistent delayed payments,High,4193.548387096774,3843.1929354838708,0.7170423076923078,0,2,6,3665.096874572349,1
1289,High Risk,0.91640335,Priority collections review,Severe delinquency history,High,645.1612903225806,591.2279677419355,0.6359083333333333,0,3,6,6763.281730540778,1
3025,High Risk,0.91636974,Credit line review,Utilization above approved limit,High,3225.806451612903,2956.031419354839,1.1685816666666666,4,2,1,12294.538322631992,1
17056,High Risk,0.9163687,Hardship outreach,Persistent delayed payments,High,1612.9032258064515,1478.0140322580644,0.8652966666666666,0,2,6,2533.8365706309214,0
51,High Risk,0.91628903,Hardship outreach,Persistent delayed payments,High,2258.064516129032,2069.0397451612903,0.5452666666666667,1,2,5,1306.3378838059723,1
28171,High Risk,0.91628706,Priority collections review,Severe delinquency history,High,1612.9032258064515,1477.8823548387097,0.4838066666666666,0,3,6,874.3492818471727,1
4148,High Risk,0.916174,Priority collections review,Severe delinquency history,High,645.1612903225806,591.08,0.5713083333333334,2,3,4,800.1820834451786,1
6646,High Risk,0.91611016,Hardship outreach,Persistent delayed payments,High,967.741935483871,886.5582193548387,0.9972722222222222,0,2,6,1274.6780639309152,1
14393,High Risk,0.9160357,Priority collections review,Severe delinquency history,High,2580.6451612903224,2363.9630967741937,0.1091375,1,3,5,497.4905024219056,1
27827,High Risk,0.9159538,Hardship outreach,Persistent delayed payments,High,2903.2258064516127,2659.220709677419,0.995412962962963,2,2,4,1818.653503740244,1
20710,High Risk,0.91587687,Hardship outreach,Persistent delayed payments,High,2258.064516129032,2068.1090612903226,0.794947619047619,0,2,6,2115.845898610451,1
3786,High Risk,0.9158458,Priority collections review,Severe delinquency history,High,2580.6451612903224,2363.4730322580644,0.8551083333333335,0,7,6,22272.81314667428,1
12345,High Risk,0.9156795,Priority collections review,Severe delinquency history,High,967.741935483871,886.1414516129032,0.61515,1,3,5,390.0449974041457,1
17897,High Risk,0.9156578,Priority collections review,Severe delinquency history,High,1290.3225806451612,1181.493935483871,1.1224999999999998,3,3,3,12673.584828295428,1
9195,High Risk,0.91563374,Priority collections review,Severe delinquency history,High,14838.709677419354,13586.823238709676,0.0054239130434782,0,5,6,0.0,1
4264,High Risk,0.915626,Hardship outreach,Persistent delayed payments,High,967.741935483871,886.0896774193549,0.1791833333333333,2,2,4,2987.1015884967824,1
21393,High Risk,0.9155297,Hardship outreach,Persistent delayed payments,High,4838.709677419355,4429.982419354839,0.1711277777777777,0,2,6,1776.8177640564793,1
28016,High Risk,0.9155238,Hardship outreach,Persistent delayed payments,High,4838.709677419355,4429.953870967742,0.02596,2,2,4,1700.0134117118018,1
8985,High Risk,0.91547525,Priority collections review,Severe delinquency history,High,967.741935483871,885.9437903225806,0.0617833333333333,4,3,1,1653.78423622914,1
5659,High Risk,0.9154301,Hardship outreach,Persistent delayed payments,High,1612.9032258064515,1476.5001612903225,0.7988833333333334,2,2,4,20275.510444047188,1
12067,High Risk,0.91523236,Hardship outreach,Persistent delayed payments,High,2258.064516129032,2066.653716129032,0.8040261904761904,0,2,6,2128.829294862945,1
10708,High Risk,0.91511005,Hardship outreach,Persistent delayed payments,High,2580.6451612903224,2361.574322580645,0.2687520833333333,3,2,3,2120.325203044728,1
15868,High Risk,0.9149692,Hardship outreach,Persistent delayed payments,High,3548.3870967741937,3246.6649032258065,1.1275272727272725,1,2,5,6570.1964963005485,1
11044,High Risk,0.91480947,Hardship outreach,Persistent delayed payments,High,3870.967741935484,3541.197948387097,0.9649638888888888,1,2,5,3577.9614121265568,1
15854,High Risk,0.91466457,Priority collections review,Severe delinquency history,High,1935.483870967742,1770.318522580645,0.996813888888889,0,4,6,3698.0086758506486,1
25154,High Risk,0.9145709,Hardship outreach,Persistent delayed payments,High,1612.9032258064515,1475.1143548387095,0.4503233333333333,0,2,6,1287.9132605368527,1
3003,High Risk,0.91451126,Priority collections review,Severe delinquency history,High,967.741935483871,885.0108967741936,0.1160166666666666,2,4,4,3816.254800193509,1
13292,High Risk,0.9140657,Hardship outreach,Persistent delayed payments,High,1612.9032258064515,1474.299516129032,0.9377433333333332,0,2,6,1031.9665530755667,1
4016,High Risk,0.9140467,Priority collections review,Severe delinquency history,High,3225.806451612903,2948.5377419354836,0.8823883333333332,0,5,6,2294.8577661081017,1
27049,High Risk,0.9139328,Hardship outreach,Persistent delayed payments,High,4193.548387096774,3832.621419354838,0.4569871794871794,0,2,6,2693.813257571257,0
9677,High Risk,0.9138314,Hardship outreach,Persistent delayed payments,High,1935.483870967742,1768.705935483871,0.8307555555555554,0,2,6,1704.455768468829,0
14511,High Risk,0.9138073,Hardship outreach,Persistent delayed payments,High,1612.9032258064515,1473.8827419354836,0.17337,2,2,3,498.4290320597307,0
22108,High Risk,0.91378516,Hardship outreach,Persistent delayed payments,High,7741.935483870968,7074.4657548387095,0.8364548611111111,1,2,5,11358.567276143003,1
22465,High Risk,0.9137756,Hardship outreach,Persistent delayed payments,High,1612.9032258064515,1473.8316129032257,0.39802,1,2,5,1727.0096699208143,1
11343,High Risk,0.9137533,Priority collections review,Severe delinquency history,High,645.1612903225806,589.5182580645161,0.9214333333333332,0,3,6,773.7600834022563,1
9085,High Risk,0.91371727,Hardship outreach,Persistent delayed payments,High,1612.9032258064515,1473.7375322580644,0.96084,0,2,6,1683.5615818852602,1
20095,High Risk,0.9135898,Priority collections review,Severe delinquency history,High,2580.6451612903224,2357.6510967741933,0.6251145833333334,2,3,4,1616.609713773447,1
14570,High Risk,0.91351926,Hardship outreach,Persistent delayed payments,High,645.1612903225806,589.367264516129,0.3268333333333333,2,2,4,2575.096865491989,1
5236,High Risk,0.91349804,Priority collections review,Severe delinquency history,High,645.1612903225806,589.3535741935484,0.4819416666666666,2,3,4,9331.227280838608,1
21892,High Risk,0.91342306,Hardship outreach,Persistent delayed payments,High,2258.064516129032,2062.5681999999997,0.7716380952380953,0,2,6,1868.239991721264,1
13301,High Risk,0.9132963,Priority collections review,Severe delinquency history,High,3225.806451612903,2946.117096774193,0.4284983333333333,0,3,6,21006.21252312436,1
29310,High Risk,0.91328233,Priority collections review,Severe delinquency history,High,4516.129032258064,4124.50084516129,0.9897880952380952,3,3,3,4423.997453284378,1
26561,High Risk,0.91321844,Hardship outreach,Persistent delayed payments,High,1612.9032258064515,1472.9329677419353,0.6897066666666666,1,2,5,1486.9027764674686,0
12936,High Risk,0.9128427,Credit line review,Utilization above approved limit,High,6451.612903225806,5889.307741935483,1.0534358333333331,5,2,1,46270.094136133615,1
3248,High Risk,0.9128261,Hardship outreach,Persistent delayed payments,High,3870.967741935484,3533.520387096774,0.9505597222222224,2,2,4,1700.9099231489793,1
25838,High Risk,0.91278476,Hardship outreach,Persistent delayed payments,High,1935.483870967742,1766.6801806451613,0.8452694444444444,2,2,4,21071.253692333223,1
11555,High Risk,0.91275555,Priority collections review,Severe delinquency history,High,4838.709677419355,4416.5591129032255,1.0340522222222224,0,8,6,4621.360164136385,1
20690,High Risk,0.9126504,Priority collections review,Severe delinquency history,High,967.741935483871,883.210064516129,0.8659166666666667,3,3,3,812.1119996650708,1
5724,High Risk,0.912582,Priority collections review,Severe delinquency history,High,2580.6451612903224,2355.050322580645,0.5182416666666667,3,3,2,4671.868691077123,0
25044,High Risk,0.9125708,Hardship outreach,Persistent delayed payments,High,4838.709677419355,4415.665161290323,0.9366877777777778,1,2,5,5468.310650161224,1
7377,High Risk,0.9124929,Hardship outreach,Persistent delayed payments,High,4193.548387096774,3826.5831290322576,0.7331089743589745,3,2,3,25335.4057115071,0
3908,High Risk,0.91245466,Hardship outreach,Persistent delayed payments,High,967.741935483871,883.0206387096774,0.2730722222222222,3,2,3,5312.204906314012,1
9685,High Risk,0.91241693,Hardship outreach,Persistent delayed payments,High,9032.258064516129,8241.185174193548,0.5972488095238095,3,2,3,3061.3593494829493,1
16975,High Risk,0.9121976,Hardship outreach,Persistent delayed payments,High,1935.483870967742,1765.543741935484,0.6947027777777777,2,2,4,919.8255088149418,1
17694,High Risk,0.9121706,Hardship outreach,Persistent delayed payments,High,645.1612903225806,588.4971612903225,0.4791749999999999,2,2,4,1043.0339879409491,0
4723,High Risk,0.9120599,Priority collections review,Severe delinquency history,High,967.741935483871,882.6386129032259,0.4733388888888889,4,3,2,664.9175638127382,1
9272,High Risk,0.9120128,Hardship outreach,Persistent delayed payments,High,1935.483870967742,1765.186064516129,0.991075,0,2,6,2351.33211180386,1
4094,High Risk,0.9115274,Priority collections review,Severe delinquency history,High,3225.806451612903,2940.410967741935,0.25705,0,3,6,1192.6533444383576,1
10548,High Risk,0.9115129,Priority collections review,Severe delinquency history,High,2580.6451612903224,2352.2913548387096,0.0949354166666666,0,3,6,837.1846670040409,1
21290,High Risk,0.91116285,Hardship outreach,Persistent delayed payments,High,645.1612903225806,587.847,0.3307166666666667,2,2,4,1152.677173655602,0
18701,High Risk,0.91110754,Hardship outreach,Persistent delayed payments,High,2258.064516129032,2057.339606451613,0.5644357142857143,3,2,3,1534.7808638369193,1
18000,High Risk,0.9110148,Hardship outreach,Persistent delayed payments,High,967.741935483871,881.6272258064516,0.4847888888888889,2,2,4,1091.1503410010314,1
20365,High Risk,0.9108759,Hardship outreach,Persistent delayed payments,High,645.1612903225806,587.6618709677418,0.6417666666666667,1,2,5,2401.550471396899,1
13370,High Risk,0.91061056,Hardship outreach,Persistent delayed payments,High,4838.709677419355,4406.180129032258,0.9290266666666668,0,2,6,16293.21831928855,1
2376,High Risk,0.91057616,Hardship outreach,Persistent delayed payments,High,1290.3225806451612,1174.9369806451612,0.8857208333333334,0,2,6,2740.0399571295798,1
4378,High Risk,0.91056436,Hardship outreach,Persistent delayed payments,High,3225.806451612903,2937.304387096774,0.25024,2,2,4,4183.694443909593,1
23910,High Risk,0.9104355,Priority collections review,Severe delinquency history,High,2580.6451612903224,2349.510967741935,0.0040375,2,3,2,147.779565569804,0
11060,High Risk,0.9104322,Hardship outreach,Persistent delayed payments,High,10322.58064516129,9398.009806451613,0.3477197916666666,0,2,6,3419.2342807515643,0
13781,High Risk,0.9103043,Priority collections review,Severe delinquency history,High,645.1612903225806,587.2930967741935,0.4494833333333333,3,3,3,1372.8361397729398,1
15496,High Risk,0.9102296,Hardship outreach,Persistent delayed payments,High,967.741935483871,880.8673548387096,0.2140722222222222,0,2,6,1461.4823182873845,0
14764,High Risk,0.91018283,Hardship outreach,Persistent delayed payments,High,7096.774193548387,6459.362019354839,0.8668628787878787,3,2,3,4667.708706278346,1
19168,High Risk,0.91016966,Hardship outreach,Persistent delayed payments,High,6451.612903225806,5872.062322580645,0.2719941666666666,0,2,6,2402.445871745432,1
6952,High Risk,0.9100665,Hardship outreach,Persistent delayed payments,High,967.741935483871,880.7095161290323,0.214111111111111,3,2,3,808.9080705906368,1
1363,High Risk,0.9099887,Hardship outreach,Persistent delayed payments,High,8387.096774193547,7632.16329032258,0.7955474358974359,3,2,3,62911.573433404665,1
13656,High Risk,0.90993106,Hardship outreach,Persistent delayed payments,High,967.741935483871,880.5784451612903,0.5810888888888889,1,2,5,1189.269972153786,1
16680,High Risk,0.90992975,Priority collections review,Severe delinquency history,High,4516.129032258064,4109.360161290322,0.5109047619047619,0,3,6,3634.514474681133,1
370,High Risk,0.909915,Priority collections review,Severe delinquency history,High,645.1612903225806,587.0419354838709,0.7777583333333333,4,3,2,5003.902773502566,1
12577,High Risk,0.90969855,Priority collections review,Severe delinquency history,High,1612.9032258064515,1467.2557258064514,0.6766733333333331,3,3,3,16903.79168904618,1
25306,High Risk,0.9096875,Priority collections review,Severe delinquency history,High,967.741935483871,880.3427419354839,0.3536944444444445,3,3,3,4216.216333001269,1
21058,High Risk,0.909581,Priority collections review,Severe delinquency history,High,5161.290322580645,4694.611612903225,0.6262145833333334,0,4,6,2368.4544045994776,1
23905,High Risk,0.909534,Hardship outreach,Persistent delayed payments,High,645.1612903225806,586.796129032258,0.7990499999999999,2,2,4,1399.0944214026442,1
5931,High Risk,0.9094184,Priority collections review,Severe delinquency history,High,1612.9032258064515,1466.8038709677417,0.5391066666666666,1,4,5,314.5051138958899,1
5365,High Risk,0.90940696,Hardship outreach,Persistent delayed payments,High,2580.6451612903224,2346.8566709677416,0.9570395833333332,2,2,3,4009.7381668466414,0
4583,High Risk,0.9093618,Priority collections review,Severe delinquency history,High,967.741935483871,880.0275483870968,0.9889611111111112,3,3,2,1123.7746067013022,0
15700,High Risk,0.90924567,Priority collections review,Severe delinquency history,High,645.1612903225806,586.6101096774194,1.010375,2,4,4,1242.6532501064005,0
24042,High Risk,0.9091036,Priority collections review,Severe delinquency history,High,645.1612903225806,586.5184516129032,0.0549999999999999,0,5,6,244.94897427831785,1
15351,High Risk,0.90907395,Hardship outreach,Persistent delayed payments,High,1612.9032258064515,1466.2483064516127,0.8246633333333334,0,2,6,11247.48120099192,1
27028,High Risk,0.9090353,Priority collections review,Severe delinquency history,High,1612.9032258064515,1466.1859677419354,0.0056,1,3,5,318.43366656181314,1
23170,High Risk,0.9090308,Hardship outreach,Persistent delayed payments,High,10322.58064516129,9383.543741935484,0.9506375,0,2,6,9397.76479807832,0
21756,High Risk,0.9090172,Hardship outreach,Persistent delayed payments,High,1612.9032258064515,1466.1567741935482,1.0180733333333334,2,2,3,904.5510857141606,0
16265,High Risk,0.9089262,Hardship outreach,Persistent delayed payments,High,2258.064516129032,2052.4139999999998,0.6767952380952381,3,2,3,16333.260625688512,1
2156,High Risk,0.9089177,Hardship outreach,Persistent delayed payments,High,3548.3870967741937,3225.1918387096775,0.9482424242424242,0,2,6,4621.612344914561,1
13499,High Risk,0.9089174,Hardship outreach,Persistent delayed payments,High,5806.451612903225,5277.584903225806,0.5631148148148148,3,2,3,2146.293052373479,1
18067,High Risk,0.9088881,Hardship outreach,Persistent delayed payments,High,3225.806451612903,2931.8970967741934,0.7579083333333333,1,2,5,2240.309837202584,1
10355,High Risk,0.9088354,Priority collections review,Severe delinquency history,High,967.741935483871,879.518129032258,0.6449833333333334,2,3,4,468.913104956558,1
2078,High Risk,0.908722,Hardship outreach,Persistent delayed payments,High,4838.709677419355,4397.041935483871,0.5221411111111111,3,2,3,1766.2568801470147,1
29251,High Risk,0.908722,Priority collections review,Severe delinquency history,High,645.1612903225806,586.2722580645161,1.0041750000000005,2,3,4,1024.7775856252908,1
4547,High Risk,0.90867245,Priority collections review,Severe delinquency history,High,7096.774193548387,6448.643193548387,0.8273780303030303,1,3,5,2325.5756635006883,1
13185,High Risk,0.9086723,Priority collections review,Severe delinquency history,High,645.1612903225806,586.2401935483871,0.952025,4,3,2,706.8156053738485,1
10468,High Risk,0.9085565,Hardship outreach,Persistent delayed payments,High,3548.3870967741937,3223.910161290323,0.9471151515151514,0,2,6,2387.2080484672188,0
11218,High Risk,0.9084537,Priority collections review,Severe delinquency history,High,967.741935483871,879.1487419354839,0.0237,1,3,5,716.5944459734529,1
12143,High Risk,0.90844566,Priority collections review,Severe delinquency history,High,2258.064516129032,2051.3289096774192,0.423245238095238,3,4,3,520.9546685333252,1
21028,High Risk,0.90824145,Priority collections review,Severe delinquency history,High,1612.9032258064515,1464.9055645161288,0.3555299999999999,3,3,3,1228.7772377449055,1
16513,High Risk,0.90805256,Hardship outreach,Persistent delayed payments,High,3225.806451612903,2929.201806451613,0.134285,0,2,6,1550.2412392914853,1
5832,High Risk,0.90803057,Hardship outreach,Persistent delayed payments,High,4516.129032258064,4100.783219354838,0.7387261904761906,2,2,4,1743.8514462724934,1
27122,High Risk,0.90792894,Hardship outreach,Persistent delayed payments,High,14516.129032258064,13179.613645161291,0.1167051851851851,2,2,4,77511.78825873304,1
4471,High Risk,0.90789104,Hardship outreach,Persistent delayed payments,High,2258.064516129032,2050.076541935484,0.7169285714285715,0,2,6,1853.5742769039496,0
16158,High Risk,0.907862,Hardship outreach,Persistent delayed payments,High,967.741935483871,878.576129032258,0.7971,1,2,5,11974.585287182184,1
2433,High Risk,0.9078618,Hardship outreach,Persistent delayed payments,High,967.741935483871,878.575935483871,1.0439666666666665,2,2,4,1368.5082389229522,1
16872,High Risk,0.907771,Priority collections review,Severe delinquency history,High,967.741935483871,878.488064516129,0.8568722222222221,3,3,3,4593.634091508233,1
1130,High Risk,0.9077654,Hardship outreach,Persistent delayed payments,High,1612.9032258064515,1464.1377419354837,0.9974566666666668,3,2,3,2297.930409448177,1
29607,High Risk,0.90774816,Priority collections review,Severe delinquency history,High,2903.2258064516127,2635.3978838709677,0.0157388888888888,3,3,3,1903.0995507329612,1
1490,High Risk,0.9076686,Hardship outreach,Persistent delayed payments,High,1612.9032258064515,1463.9816129032258,0.2610666666666666,2,2,4,1394.3281775344954,1
5114,High Risk,0.90761393,Hardship outreach,Persistent delayed payments,High,967.741935483871,878.3360612903226,0.8940611111111112,0,2,6,1104.587781331419,1
27916,High Risk,0.9075383,Priority collections review,Severe delinquency history,High,1612.9032258064515,1463.771451612903,0.0059999999999999,0,7,6,0.0,1
6379,High Risk,0.90752405,Hardship outreach,Persistent delayed payments,High,3870.967741935484,3512.9963225806455,0.0037152777777777,3,2,3,162.339664489818,1
14519,High Risk,0.9075102,Hardship outreach,Persistent delayed payments,High,645.1612903225806,585.4904516129033,0.1427583333333333,3,2,3,5255.454934319832,1
2100,High Risk,0.9072529,Hardship outreach,Persistent delayed payments,High,1612.9032258064515,1463.311129032258,0.8370733333333332,3,2,3,3824.834148909815,1
28482,High Risk,0.9072487,Hardship outreach,Persistent delayed payments,High,3548.3870967741937,3219.2695806451616,0.8725333333333332,0,2,6,3122.3294295552264,1
17964,High Risk,0.90708494,Credit line review,Utilization above approved limit,High,2258.064516129032,2048.2563161290323,1.0241404761904762,6,0,0,31486.01281468752,1
11750,High Risk,0.9070692,Hardship outreach,Persistent delayed payments,High,1612.9032258064515,1463.0148387096774,0.9836333333333336,2,2,4,1805.453922609676,1
12482,High Risk,0.9070488,Hardship outreach,Persistent delayed payments,High,2580.6451612903224,2340.771096774193,0.5795187500000001,1,2,5,3501.676898287448,1
28001,High Risk,0.90691185,Hardship outreach,Persistent delayed payments,High,967.741935483871,877.656629032258,0.9234777777777776,2,2,4,1508.1884055603489,1
21790,High Risk,0.90681064,Hardship outreach,Persistent delayed payments,High,7096.774193548387,6435.430348387097,0.3682113636363636,2,2,4,1286.8382571248028,1
26782,High Risk,0.90672314,Priority collections review,Severe delinquency history,High,2258.064516129032,2047.4393483870967,0.830345238095238,2,4,4,3608.5649456074175,1
27486,High Risk,0.90669405,Hardship outreach,Persistent delayed payments,High,9677.41935483871,8774.458548387098,0.5320633333333333,0,2,6,7363.743613135916,1
22872,High Risk,0.9066343,Priority collections review,Severe delinquency history,High,10967.741935483871,9943.731032258065,0.436685294117647,3,3,3,9751.44885645205,1
15280,High Risk,0.9066226,Hardship outreach,Persistent delayed payments,High,645.1612903225806,584.9178064516128,0.6487166666666666,2,2,4,1455.1979475888038,1
8878,High Risk,0.9065533,Hardship outreach,Persistent delayed payments,High,967.741935483871,877.3096451612903,0.1845777777777777,0,2,6,456.5981457109376,1
20664,High Risk,0.90647584,Priority collections review,Severe delinquency history,High,645.1612903225806,584.8231225806452,0.5177916666666667,2,4,4,437.6137185540082,1
3864,High Risk,0.9063851,Hardship outreach,Persistent delayed payments,High,967.741935483871,877.146870967742,0.1242444444444444,3,2,3,1658.3523952003286,1
1638,High Risk,0.9063554,Hardship outreach,Persistent delayed payments,High,967.741935483871,877.1181290322581,0.816811111111111,2,2,4,976.230027537909,0
29716,High Risk,0.9062806,Hardship outreach,Persistent delayed payments,High,1612.9032258064515,1461.7429032258062,0.3294466666666666,2,2,4,1177.5185207319105,1
13720,High Risk,0.9062695,Priority collections review,Severe delinquency history,High,967.741935483871,877.035,0.9542722222222224,0,4,6,1438.4938535380215,0
6754,High Risk,0.90614516,Priority collections review,Severe delinquency history,High,645.1612903225806,584.6097806451612,0.8085083333333333,0,8,6,696.7540216365218,1
6898,High Risk,0.9061023,Hardship outreach,Persistent delayed payments,High,3870.967741935484,3507.4927741935485,0.5336194444444445,0,2,6,2894.8604572011177,1
18228,High Risk,0.9060642,Hardship outreach,Persistent delayed payments,High,3225.806451612903,2922.7877419354836,0.5369366666666667,0,2,6,1812.5440316490703,0
3569,High Risk,0.9060607,Priority collections review,Severe delinquency history,High,2258.064516129032,2045.9435161290323,0.0414071428571428,4,3,2,1077.5109744220706,1
27580,High Risk,0.90588593,Priority collections review,Severe delinquency history,High,7741.935483870968,7013.310425806451,0.4036694444444444,0,4,6,1845.5500715685464,1
5786,High Risk,0.90576893,Hardship outreach,Persistent delayed payments,High,1935.483870967742,1753.1011548387098,1.1761194444444445,2,2,4,24324.06264106937,1
17219,High Risk,0.905753,Hardship outreach,Persistent delayed payments,High,967.741935483871,876.5351612903227,0.7191111111111111,2,2,4,1788.784019010307,0
19783,High Risk,0.905582,Hardship outreach,Persistent delayed payments,High,1612.9032258064515,1460.616129032258,0.49221,2,2,4,15892.513064333154,1
10195,High Risk,0.90557665,Priority collections review,Severe delinquency history,High,322.5806451612903,292.12149999999997,0.8251000000000001,1,4,5,1310.488000708133,1
20647,High Risk,0.9055557,Hardship outreach,Persistent delayed payments,High,3225.806451612903,2921.1474193548383,0.3759883333333333,2,2,3,1190.0736811923314,0
21533,High Risk,0.9055549,Priority collections review,Severe delinquency history,High,322.5806451612903,292.1144838709677,0.7465,1,3,5,903.9823007116898,1
15057,High Risk,0.90552646,Priority collections review,Severe delinquency history,High,645.1612903225806,584.2106193548387,0.4796166666666667,3,3,3,1039.8245364803945,0
16950,High Risk,0.905408,Hardship outreach,Persistent delayed payments,High,1612.9032258064515,1460.3354838709677,0.2280866666666666,2,2,4,1612.9362872310444,1
19521,High Risk,0.9053964,Hardship outreach,Persistent delayed payments,High,967.741935483871,876.190064516129,0.7569555555555555,1,2,5,1940.176246289668,1
19022,High Risk,0.90530163,Hardship outreach,Persistent delayed payments,High,1935.483870967742,1752.1967032258065,0.7379527777777778,1,2,5,1948.936265419336,1
9257,High Risk,0.905283,Hardship outreach,Persistent delayed payments,High,645.1612903225806,584.0535483870967,0.2394833333333333,3,2,3,7420.213518940453,1
23919,High Risk,0.90507567,Priority collections review,Severe delinquency history,High,645.1612903225806,583.9197870967741,0.8519666666666666,2,4,4,1012.7921142399692,1
12913,High Risk,0.9050108,Hardship outreach,Persistent delayed payments,High,1612.9032258064515,1459.6948387096772,0.95304,2,2,4,1494.5625446932625,1
14411,High Risk,0.9049658,Priority collections review,Severe delinquency history,High,322.5806451612903,291.9244516129032,0.5770833333333334,1,3,5,194.71046881630852,1
3641,High Risk,0.9049274,Priority collections review,Severe delinquency history,High,1612.9032258064515,1459.560322580645,0.6249899999999999,0,3,6,1868.7434013261425,0
26659,High Risk,0.90473014,Hardship outreach,Persistent delayed payments,High,1612.9032258064515,1459.2421612903224,0.7963933333333334,3,2,3,23252.07391753833,1
5372,High Risk,0.90461695,Priority collections review,Severe delinquency history,High,322.5806451612903,291.81191935483866,0.8204166666666666,0,3,6,913.8690095777768,1
17191,High Risk,0.90461373,Hardship outreach,Persistent delayed payments,High,2580.6451612903224,2334.48704516129,0.72956875,1,2,5,2159.139435052771,0
1083,High Risk,0.90445644,Hardship outreach,Persistent delayed payments,High,1935.483870967742,1750.5608516129032,0.6036583333333333,0,2,6,1560.087657793625,0
29995,High Risk,0.9043876,Hardship outreach,Persistent delayed payments,High,2580.6451612903224,2333.9034838709676,0.9811104166666668,0,2,6,3510.6123350017824,1
27719,High Risk,0.90422076,Credit line review,Utilization above approved limit,High,2903.2258064516127,2625.15704516129,1.0057222222222222,4,2,1,1814.499379994383,1
23619,High Risk,0.9041202,Hardship outreach,Persistent delayed payments,High,645.1612903225806,583.3033548387097,0.7245583333333334,2,2,4,1779.6084307135284,1
14981,High Risk,0.90391904,Hardship outreach,Persistent delayed payments,High,967.741935483871,874.7603612903226,0.981,0,2,6,886.2031369838407,1
16833,High Risk,0.90385145,Hardship outreach,Persistent delayed payments,High,645.1612903225806,583.1299677419355,0.8978416666666668,2,2,4,2006.3760780737664,1
4768,High Risk,0.9038481,Hardship outreach,Persistent delayed payments,High,16129.032258064515,14578.195161290323,0.156719,0,2,6,2632.6601565716755,1
21549,High Risk,0.9037714,Hardship outreach,Persistent delayed payments,High,967.741935483871,874.6174838709677,0.898011111111111,0,2,6,1459.9898173160889,0
29110,High Risk,0.903741,Priority collections review,Severe delinquency history,High,4516.129032258064,4081.4109677419356,0.1285285714285714,0,3,6,495.52033257980446,1
23593,High Risk,0.9034998,Hardship outreach,Persistent delayed payments,High,2580.6451612903224,2331.612387096774,0.2817020833333333,2,2,4,695.0402626227251,0
21708,High Risk,0.9032,Priority collections review,Severe delinquency history,High,322.5806451612903,291.3548387096774,0.8330166666666666,3,3,3,815.5254543339936,1
27800,High Risk,0.9031453,Hardship outreach,Persistent delayed payments,High,1612.9032258064515,1456.6859677419354,0.93098,1,2,5,2845.3113713616654,1
18257,High Risk,0.9030059,Priority collections review,Severe delinquency history,High,322.5806451612903,291.2922258064516,0.85715,0,4,6,834.7070743680084,1
6427,High Risk,0.902974,Priority collections review,Severe delinquency history,High,3225.806451612903,2912.8193548387094,1.0146433333333331,2,3,4,2442.5904009200285,1
10507,High Risk,0.9029072,Hardship outreach,Persistent delayed payments,High,645.1612903225806,582.5207741935484,0.8841666666666667,2,2,4,1453.6858899592671,1
26328,High Risk,0.90287936,Hardship outreach,Persistent delayed payments,High,1612.9032258064515,1456.2570322580643,0.5997499999999999,2,2,4,3347.23687539439,1
17910,High Risk,0.90287375,Hardship outreach,Persistent delayed payments,High,645.1612903225806,582.4991935483871,0.8338666666666666,3,2,3,1474.0264131509537,1
5980,High Risk,0.9028473,Hardship outreach,Persistent delayed payments,High,2258.064516129032,2038.6874516129033,0.24205,0,2,6,978.6353253382998,1
6687,High Risk,0.9028376,Hardship outreach,Persistent delayed payments,High,7096.774193548387,6407.234580645161,0.4188825757575758,0,2,6,39407.90968532417,1
27959,High Risk,0.9027066,Hardship outreach,Persistent delayed payments,High,645.1612903225806,582.3913548387096,0.9366333333333332,0,2,6,2049.405539825309,1
21241,High Risk,0.90268964,Priority collections review,Severe delinquency history,High,8387.096774193547,7570.945367741934,0.4994980769230768,4,3,2,52965.52045151638,0
8967,High Risk,0.90267843,Hardship outreach,Persistent delayed payments,High,1290.3225806451612,1164.7463612903225,0.8792583333333334,3,2,3,804.5420229339588,1
21937,High Risk,0.9026372,Hardship outreach,Persistent delayed payments,High,5806.451612903225,5241.119225806451,0.0204861111111111,2,2,4,1479.766569429111,1
23792,High Risk,0.9024716,Hardship outreach,Persistent delayed payments,High,2258.064516129032,2037.8390967741936,0.8453880952380953,3,2,3,19285.461087738266,1
27442,High Risk,0.9024016,Priority collections review,Severe delinquency history,High,9677.41935483871,8732.91870967742,0.0015166666666666,3,3,2,293.5813345565416,1
7847,High Risk,0.90238255,Hardship outreach,Persistent delayed payments,High,967.741935483871,873.273435483871,0.9384333333333332,2,2,4,1279.0163407869345,1
10785,High Risk,0.9022632,Hardship outreach,Persistent delayed payments,High,2580.6451612903224,2328.4211612903227,0.7124687499999999,0,2,6,2069.3877113774497,0
8135,High Risk,0.9021803,Hardship outreach,Persistent delayed payments,High,1612.9032258064515,1455.1295161290323,0.6417666666666665,2,2,4,20223.476443645057,1
12704,High Risk,0.90210503,Priority collections review,Severe delinquency history,High,1612.9032258064515,1455.0081129032255,0.9714033333333334,4,3,2,1636.1230291963582,1
22979,High Risk,0.9020807,Priority collections review,Severe delinquency history,High,1612.9032258064515,1454.9688709677419,0.4253366666666666,3,3,3,557.3747093891744,1
28097,High Risk,0.9018336,Hardship outreach,Persistent delayed payments,High,1612.9032258064515,1454.570322580645,0.5664533333333333,2,2,4,1362.1015625373414,1
13152,High Risk,0.9018132,Hardship outreach,Persistent delayed payments,High,5806.451612903225,5236.334709677419,0.8128861111111111,0,2,6,3988.197073866837,1
15851,High Risk,0.90162855,Hardship outreach,Persistent delayed payments,High,1612.9032258064515,1454.2395967741934,1.02797,0,2,6,597.4039671779892,1
8815,High Risk,0.9015444,Hardship outreach,Persistent delayed payments,High,2580.6451612903224,2326.566193548387,0.2090020833333333,0,2,6,775.5334723057844,0
18358,High Risk,0.90137047,Hardship outreach,Persistent delayed payments,High,645.1612903225806,581.5293354838709,0.7615333333333333,2,2,4,1673.3280212399084,0
427,High Risk,0.9013579,Hardship outreach,Persistent delayed payments,High,645.1612903225806,581.5212258064516,0.6586916666666667,2,2,4,2441.746785943757,1
17084,High Risk,0.90128934,Hardship outreach,Persistent delayed payments,High,1612.9032258064515,1453.6924838709676,0.5613166666666667,2,2,4,1838.9846564522136,0
21510,High Risk,0.9012374,Priority collections review,Severe delinquency history,High,967.741935483871,872.1652258064515,1.1619111111111111,0,6,6,4305.355022140064,1
18610,High Risk,0.90114903,Priority collections review,Severe delinquency history,High,2580.6451612903224,2325.545883870968,0.6075729166666667,0,3,6,2560.36992769925,1
2510,High Risk,0.90092176,Priority collections review,Severe delinquency history,High,967.741935483871,871.8597677419355,0.8495444444444443,0,4,6,1752.662279695283,1
24198,High Risk,0.9009182,Hardship outreach,Persistent delayed payments,High,2580.6451612903224,2324.950193548387,0.8761854166666666,0,2,6,2448.2115445089025,1
1840,High Risk,0.90085787,Hardship outreach,Persistent delayed payments,High,5161.290322580645,4649.5890064516125,0.91873125,0,2,6,4401.069142833364,1
17833,High Risk,0.90077806,Priority collections review,Severe delinquency history,High,967.741935483871,871.7207032258065,0.9900944444444444,2,4,4,1292.5471622601112,0
7193,High Risk,0.9006963,Hardship outreach,Persistent delayed payments,High,1935.483870967742,1743.2831612903226,0.3114305555555556,2,2,4,1178.4565187849175,1
20871,High Risk,0.90046823,Priority collections review,Severe delinquency history,High,6451.612903225806,5809.472451612903,0.9468841666666666,0,3,6,6433.578208638383,1
24715,High Risk,0.90042686,Hardship outreach,Persistent delayed payments,High,645.1612903225806,580.9205548387097,0.422525,2,2,4,1499.8590267088437,0
17160,High Risk,0.9003222,Hardship outreach,Persistent delayed payments,High,6774.193548387097,6098.956838709677,0.7238515873015873,3,2,3,25745.144205590823,1
2738,High Risk,0.90006775,Hardship outreach,Persistent delayed payments,High,7741.935483870968,6968.266451612903,0.554045138888889,0,2,6,5211.380255428178,1
29293,High Risk,0.900059,Priority collections review,Severe delinquency history,High,967.741935483871,871.0248387096775,0.7389444444444444,2,3,4,1076.991302967051,1
25905,High Risk,0.8999712,Hardship outreach,Persistent delayed payments,High,5806.451612903225,5225.639225806451,0.8843666666666666,3,2,3,18799.85266963547,1
12016,High Risk,0.8998277,Hardship outreach,Persistent delayed payments,High,3225.806451612903,2902.6699999999996,0.81896,2,2,4,2701.98504807114,1
14500,High Risk,0.89979964,Priority collections review,Severe delinquency history,High,1935.483870967742,1741.5476903225806,0.7945694444444444,0,3,6,1973.9796773692144,0
16613,High Risk,0.89974654,Hardship outreach,Persistent delayed payments,High,4193.548387096774,3773.1306516129025,0.5365346153846153,3,2,3,2032.9167961330836,1
18444,High Risk,0.8997396,Priority collections review,Severe delinquency history,High,3225.806451612903,2902.3858064516126,0.8513833333333333,3,3,3,4682.697712501488,1
13739,High Risk,0.8997311,Hardship outreach,Persistent delayed payments,High,967.741935483871,870.7075161290322,0.9234111111111112,0,2,6,1355.1840711381851,0
4508,High Risk,0.8997308,Priority collections review,Severe delinquency history,High,967.741935483871,870.7072258064517,1.0262444444444443,2,5,4,1362.5618028796591,1
27567,High Risk,0.89971095,Hardship outreach,Persistent delayed payments,High,3225.806451612903,2902.293387096774,0.1718083333333333,0,2,6,1192.2505469349412,0
9762,High Risk,0.8997078,Priority collections review,Severe delinquency history,High,11612.90322580645,10448.219612903224,0.9702717592592592,0,7,6,38624.192747119865,0
8683,High Risk,0.89961493,Hardship outreach,Persistent delayed payments,High,1612.9032258064515,1450.991822580645,0.6864666666666667,3,2,3,11974.125782981682,1
6335,High Risk,0.8995698,Priority collections review,Severe delinquency history,High,2258.064516129032,2031.2866451612902,0.9660571428571428,0,3,6,2800.139925075174,1
9340,High Risk,0.8995202,Hardship outreach,Persistent delayed payments,High,967.741935483871,870.5034193548387,0.3025166666666666,3,2,3,7062.626076750772,1
23416,High Risk,0.8994608,Priority collections review,Severe delinquency history,High,645.1612903225806,580.2972903225806,0.8066333333333334,1,4,5,597.2070551045648,1
10121,High Risk,0.89931375,Hardship outreach,Persistent delayed payments,High,4838.709677419355,4351.518145161291,0.4248655555555555,0,2,6,14570.15334739709,1
200,High Risk,0.8992725,Hardship outreach,Persistent delayed payments,High,967.741935483871,870.2637096774193,0.6547444444444445,3,2,3,14603.12818086134,1
8832,High Risk,0.89927125,Hardship outreach,Persistent delayed payments,High,1612.9032258064515,1450.4374999999998,0.5551866666666667,2,2,4,1818.900070555463,1
13905,High Risk,0.899146,Priority collections review,Severe delinquency history,High,1612.9032258064515,1450.2354838709675,0.5548166666666666,1,3,5,687.9899466319741,1
5800,High Risk,0.89900947,Priority collections review,Severe delinquency history,High,1612.9032258064515,1450.0152741935483,0.3205833333333333,2,4,3,8511.64093266784,0
2948,High Risk,0.8989702,Priority collections review,Severe delinquency history,High,3225.806451612903,2899.903870967742,0.5446249999999999,4,3,2,52845.41591756091,1
